[{"@type":"mappingTemplate","id":"@1","name":"Mapping_DEMO_CICD_old_name_restore","description":"#005 the name is updated again (old_name_restore) for demo CICD in CDI","bundleVersion":"0","templateId":"@3","deployTime":1620984127000,"hasParameters":false,"valid":true,"fixedConnection":true,"hasParametersDeployed":false,"fixedConnectionDeployed":true,"tasks":0,"mappingPreviewFileRecordId":"@2","documentType":"","references":[{"@type":"reference","refObjectId":"@gB7dJhK8wqPiiviPMq7D6L","refType":"connection"},{"@type":"reference","refObjectId":"@hUC0JBjwsEKiDOaWoVJ2CO","refType":"connection"}]}]