[{"@type":"mappingTemplate","id":"@1","name":"m_Complex_Transforms_Salesforce_Accounts_to_BigQuery","description":"Purpose: Demonstrate Advanced transformations example such as Regular Expression,  SQL functions and regular expressions. Source is Salesforce Account entity and target is GCP BigQuery. \nReset Required: Select the checkbox Truncate Target Table before execution (Mapping Task - Target - Advanced )\nEnvironment Scheduling Required: No\n","bundleVersion":"0","templateId":"@3","deployTime":1594107910000,"hasParameters":false,"valid":true,"fixedConnection":true,"hasParametersDeployed":false,"fixedConnectionDeployed":true,"tasks":0,"mappingPreviewFileRecordId":"@2","documentType":"","references":[{"@type":"reference","refObjectId":"@0sqcRTAU4LWiLS67xhBX2k","refType":"connection"},{"@type":"reference","refObjectId":"@4G3u3iJGm5WggJCvGHlhIl","refType":"connection"}]}]