[{"@type":"mappingTemplate","id":"@1","name":"m_Oracle_Company_to_BigQuery","description":"v02\n","bundleVersion":"0","templateId":"@3","deployTime":1620711221000,"hasParameters":false,"valid":true,"fixedConnection":true,"hasParametersDeployed":false,"fixedConnectionDeployed":true,"tasks":0,"mappingPreviewFileRecordId":"@2","documentType":"","references":[{"@type":"reference","refObjectId":"@aZhd47ggAkhhYkdsz5wmYC","refType":"connection"},{"@type":"reference","refObjectId":"@3yXbYWWIYyqhyjXDk5YwyV","refType":"connection"}]}]