[{"@type":"mappingTemplate","id":"@1","name":"m_FlatFile_to_S3_All_Carpark_Json_Parsing","description":"Purpose: Demonstrate parsing and insert of hierarchical data (JSON) to an S3 File Target\nReset Required: No\nEnvironment Scheduling Required: No","bundleVersion":"0","templateId":"@3","deployTime":1568075762000,"hasParameters":false,"valid":true,"fixedConnection":true,"hasParametersDeployed":false,"fixedConnectionDeployed":true,"tasks":0,"mappingPreviewFileRecordId":"@2","documentType":"","references":[{"@type":"reference","refObjectId":"@3Cd1HraGhwuiZfLUSkAPIw","refType":"structureDefinition"},{"@type":"reference","refObjectId":"@hUC0JBjwsEKiDOaWoVJ2CO","refType":"connection"},{"@type":"reference","refObjectId":"@6MKJLDxZWqUgwTkEW1GPIu","refType":"connection"}]}]