[{"@type":"mappingTemplate","id":"@1","name":"m_Salesforce_Accounts_to_Oracle_Adv_Transforms","description":"Purpose: Demonstrate Advanced transformations example such as Regular Expression,  SQL functions and regular expressions. Source is Salesforce Account entity and target is AWS Oracle RDS. \nReset Required: Select the checkbox Truncate Target Table before execution (Mapping Task - Target - Advanced )\nEnvironment Scheduling Required: No\n\n","bundleVersion":"0","templateId":"@3","deployTime":1568076066000,"hasParameters":false,"valid":true,"fixedConnection":true,"hasParametersDeployed":false,"fixedConnectionDeployed":true,"tasks":0,"mappingPreviewFileRecordId":"@2","documentType":"","references":[{"@type":"reference","refObjectId":"@5m46AqsOygpbOay4Ui5zY3","refType":"connection"},{"@type":"reference","refObjectId":"@4G3u3iJGm5WggJCvGHlhIl","refType":"connection"}]}]