[{"@type":"mappingTemplate","id":"@1","name":"m_Oracle_Customers_to_Redshift_Param","description":"Purpose: Demonstrate data integration between Oracle and AWS Redshift. The target table and field mapping have been parameterized. \nReset Required: Select the checkbox Truncate Target Table before execution (Mapping Task - Target - Advanced )\nEnvironment Scheduling Required: No","bundleVersion":"0","templateId":"@3","deployTime":1585705098000,"hasParameters":true,"valid":true,"fixedConnection":true,"hasParametersDeployed":true,"fixedConnectionDeployed":true,"tasks":1,"mappingPreviewFileRecordId":"@2","documentType":"","references":[{"@type":"reference","refObjectId":"@5m46AqsOygpbOay4Ui5zY3","refType":"connection"},{"@type":"reference","refObjectId":"@4tHZC7u8MbRgc5T5MR6wYE","refType":"connection"}]}]