[{"@type":"mappingTemplate","id":"@1","name":"Mapping_DEMO_CICD","description":"","bundleVersion":"0","templateId":"@3","deployTime":1601373641000,"hasParameters":false,"valid":true,"fixedConnection":true,"hasParametersDeployed":false,"fixedConnectionDeployed":true,"tasks":0,"mappingPreviewFileRecordId":"@2","documentType":"","references":[{"@type":"reference","refObjectId":"@gB7dJhK8wqPiiviPMq7D6L","refType":"connection"},{"@type":"reference","refObjectId":"@hUC0JBjwsEKiDOaWoVJ2CO","refType":"connection"}]}]