[{"@type":"mappingTemplate","id":"@1","name":"Mapping_CICD_Demo","description":"CICD Demo mapping - version 1: create a new mapping - Source FF (CSV)  Target FF (CSV, create in runtime)","bundleVersion":"0","templateId":"@3","deployTime":1601884787000,"hasParameters":false,"valid":true,"fixedConnection":true,"hasParametersDeployed":false,"fixedConnectionDeployed":true,"tasks":0,"mappingPreviewFileRecordId":"@2","documentType":"","references":[{"@type":"reference","refObjectId":"@04QI179ly4ukwGXHgfwy4v","refType":"connection"},{"@type":"reference","refObjectId":"@6j1VphbuewBd0XRzxTCrAk","refType":"connection"}]}]