[{"@type":"mappingTemplate","id":"@1","name":"Mapping_CICD_Demo","description":"CICD Demo mapping - version 3: edit the mapping - Source ADLS Gen2 (CSV)  Target ADLS Gen2 (CSV, create in runtime)\nCICD Demo mapping - version 2: edit the mapping - Source FF (CSV)  Target ADLS Gen2 (CSV, create in runtime)\nCICD Demo mapping - version 1: create a new mapping - Source FF (CSV)  Target FF (CSV, create in runtime)","bundleVersion":"0","templateId":"@3","deployTime":1601885315000,"hasParameters":false,"valid":true,"fixedConnection":true,"hasParametersDeployed":false,"fixedConnectionDeployed":true,"tasks":0,"mappingPreviewFileRecordId":"@2","documentType":"","references":[{"@type":"reference","refObjectId":"@7A8pKb3NeauiUaT92yufII","refType":"connection"}]}]