[{"@type":"mappingTemplate","id":"@1","name":"m_Zips_Json_Parsing_IIS","description":"Purpose: Demonstrate how to use an Intelligent Structure Model to parse a JSON file. The source is Flat File and target is also Flat File\nReset Required: No\nEnvironment Scheduling Required: No\n\n","bundleVersion":"0","templateId":"@3","deployTime":1568076867000,"hasParameters":false,"valid":true,"fixedConnection":true,"hasParametersDeployed":false,"fixedConnectionDeployed":true,"tasks":0,"mappingPreviewFileRecordId":"@2","documentType":"","references":[{"@type":"reference","refObjectId":"@ejvwyk7D4ScicndQryjMmn","refType":"structureDefinition"},{"@type":"reference","refObjectId":"@hUC0JBjwsEKiDOaWoVJ2CO","refType":"connection"}]}]