[{"@type":"mappingTemplate","id":"@1","name":"m_Oracle_Company_to_Redshift_Pushdown","description":"","bundleVersion":"0","templateId":"@3","deployTime":1571899782000,"hasParameters":false,"valid":true,"fixedConnection":true,"hasParametersDeployed":false,"fixedConnectionDeployed":true,"tasks":0,"mappingPreviewFileRecordId":"@2","documentType":"","references":[{"@type":"reference","refObjectId":"@5m46AqsOygpbOay4Ui5zY3","refType":"connection"},{"@type":"reference","refObjectId":"@4tHZC7u8MbRgc5T5MR6wYE","refType":"connection"}]}]