[{"@type":"dssTask","id":"@1","name":"ds_Salesforce_Contacts_to_Bigquery","description":"Purpose: Data Synchronisation Task from Salesforce Contact entity to Google Big Query Contact table","maxLogs":10,"sourceConnectionId":"@4G3u3iJGm5WggJCvGHlhIl","targetConnectionId":"@0sqcRTAU4LWiLS67xhBX2k","targetObject":"contacts","targetObjectLabel":"contacts","operation":"Insert","maxRows":0,"truncateTarget":false,"bulkApiDBTarget":false,"verbose":false,"targetMetadataUpdated":false,"modelVersion":"V3-R600","queryAll":false,"srcSettings":{"@type":"taskDataSourceSetting","isShowLabels":true,"isNaturalOrder":true},"tgtSettings":{"@type":"taskDataSourceSetting","isShowLabels":true,"isNaturalOrder":true},"cfSettings":{"@type":"taskDataSourceSetting","isShowLabels":false,"isNaturalOrder":true},"bulkApi":false,"bulkApiSerialMode":false,"bulkApiMonitor":false,"isTargetObjectSfCustom":false,"allowNullUpdates":false,"targetBatchSize":200,"assignmentRuleId":"-1","assignmentRuleType":"None","createSuccessFile":false,"bulkApiHardDelete":false,"srcRuntimeAttrs":{"@type":"taskRuntimeAttrs","attrs":{"PK Chunking size":"100000","Enable PK Chunking":"0","PK Chunking startRow ID":""}},"tgtRuntimeAttrs":{"@type":"taskRuntimeAttrs","attrs":{"Field Delimiter":",","Target Dataset ID":"","Enable Staging File Compression":"0","Create Disposition":"Create never","Rows per Streaming Request":"500","Job Poll Interval In Seconds":"10","post SQL Configuration":"","Allow Quoted Newlines":"0","Number of Threads for Uploading Staging File":"1","Error File Directory":"","Quote Char":"\"","pre SQL":"","Streaming Template Table Suffix":"","Write Mode":"Bulk","Data format of the staging file":"JSON (Newline Delimited)","Staging File Name":"","post SQL":"","Write Disposition":"Write append","Allow Jagged Rows":"0","Persist Staging File After Loading":"0","Local Stage File Directory":"","Target Table Name":"","Success File Directory":"","pre SQL Configuration":""}},"parameterFileEncoding":"UTF-8","serverlessProperties":{},"sourceObjects":[{"@type":"mObject","name":"Contact","label":"Contact","metadataUpdated":false,"relations":[],"children":[]}],"advancedFilters":[],"filters":[],"fieldMaps":[{"@type":"fieldMap","id":"7876750","targetField":{"@type":"field","id":21876415,"name":"ID","type":"string","uniqueName":"ID","label":"ID","parentObject":"contacts","pcType":"NSTRING","precision":255,"scale":0,"columnIndex":-1,"isKey":false,"isExternalId":false,"isSfIdLookup":false,"isNullable":false,"isUnique":false,"isCreateable":false,"isUpdateable":true,"isFilterable":true,"isCalculated":false,"javaType":"java.lang.String","showLabel":true,"naturalOrder":0,"linkedFields":["Id"],"relatedInfos":[],"references":[]},"expression":"Id"},{"@type":"fieldMap","id":"7876753","targetField":{"@type":"field","id":21876418,"name":"ISDELETED","type":"float","uniqueName":"ISDELETED","label":"ISDELETED","parentObject":"contacts","pcType":"DOUBLE","precision":16,"scale":0,"columnIndex":-1,"isKey":false,"isExternalId":false,"isSfIdLookup":false,"isNullable":false,"isUnique":false,"isCreateable":false,"isUpdateable":true,"isFilterable":true,"isCalculated":false,"javaType":"java.lang.Double","showLabel":true,"naturalOrder":1,"linkedFields":["IsDeleted"],"relatedInfos":[],"references":[]},"expression":"IsDeleted"},{"@type":"fieldMap","id":"7876756","targetField":{"@type":"field","id":21876421,"name":"MASTERRECORDID","type":"string","uniqueName":"MASTERRECORDID","label":"MASTERRECORDID","parentObject":"contacts","pcType":"NSTRING","precision":255,"scale":0,"columnIndex":-1,"isKey":false,"isExternalId":false,"isSfIdLookup":false,"isNullable":false,"isUnique":false,"isCreateable":false,"isUpdateable":true,"isFilterable":true,"isCalculated":false,"javaType":"java.lang.String","showLabel":true,"naturalOrder":2,"linkedFields":["MasterRecordId"],"relatedInfos":[],"references":[]},"expression":"MasterRecordId"},{"@type":"fieldMap","id":"7876759","targetField":{"@type":"field","id":21876424,"name":"ACCOUNTID","type":"string","uniqueName":"ACCOUNTID","label":"ACCOUNTID","parentObject":"contacts","pcType":"NSTRING","precision":255,"scale":0,"columnIndex":-1,"isKey":false,"isExternalId":false,"isSfIdLookup":false,"isNullable":false,"isUnique":false,"isCreateable":false,"isUpdateable":true,"isFilterable":true,"isCalculated":false,"javaType":"java.lang.String","showLabel":true,"naturalOrder":3,"linkedFields":["AccountId"],"relatedInfos":[],"references":[]},"expression":"AccountId"},{"@type":"fieldMap","id":"7876762","targetField":{"@type":"field","id":21876427,"name":"LASTNAME","type":"string","uniqueName":"LASTNAME","label":"LASTNAME","parentObject":"contacts","pcType":"NSTRING","precision":255,"scale":0,"columnIndex":-1,"isKey":false,"isExternalId":false,"isSfIdLookup":false,"isNullable":false,"isUnique":false,"isCreateable":false,"isUpdateable":true,"isFilterable":true,"isCalculated":false,"javaType":"java.lang.String","showLabel":true,"naturalOrder":4,"linkedFields":["LastName"],"relatedInfos":[],"references":[]},"expression":"LastName"},{"@type":"fieldMap","id":"7876765","targetField":{"@type":"field","id":21876430,"name":"FIRSTNAME","type":"string","uniqueName":"FIRSTNAME","label":"FIRSTNAME","parentObject":"contacts","pcType":"NSTRING","precision":255,"scale":0,"columnIndex":-1,"isKey":false,"isExternalId":false,"isSfIdLookup":false,"isNullable":false,"isUnique":false,"isCreateable":false,"isUpdateable":true,"isFilterable":true,"isCalculated":false,"javaType":"java.lang.String","showLabel":true,"naturalOrder":5,"linkedFields":["FirstName"],"relatedInfos":[],"references":[]},"expression":"FirstName"},{"@type":"fieldMap","id":"7876768","targetField":{"@type":"field","id":21876433,"name":"SALUTATION","type":"string","uniqueName":"SALUTATION","label":"SALUTATION","parentObject":"contacts","pcType":"NSTRING","precision":255,"scale":0,"columnIndex":-1,"isKey":false,"isExternalId":false,"isSfIdLookup":false,"isNullable":false,"isUnique":false,"isCreateable":false,"isUpdateable":true,"isFilterable":true,"isCalculated":false,"javaType":"java.lang.String","showLabel":true,"naturalOrder":6,"linkedFields":["Salutation"],"relatedInfos":[],"references":[]},"expression":"Salutation"},{"@type":"fieldMap","id":"7876771","targetField":{"@type":"field","id":21876436,"name":"NAME","type":"string","uniqueName":"NAME","label":"NAME","parentObject":"contacts","pcType":"NSTRING","precision":255,"scale":0,"columnIndex":-1,"isKey":false,"isExternalId":false,"isSfIdLookup":false,"isNullable":false,"isUnique":false,"isCreateable":false,"isUpdateable":true,"isFilterable":true,"isCalculated":false,"javaType":"java.lang.String","showLabel":true,"naturalOrder":7,"linkedFields":["Name"],"relatedInfos":[],"references":[]},"expression":"Name"},{"@type":"fieldMap","id":"7876774","targetField":{"@type":"field","id":21876439,"name":"OTHERSTREET","type":"string","uniqueName":"OTHERSTREET","label":"OTHERSTREET","parentObject":"contacts","pcType":"NSTRING","precision":255,"scale":0,"columnIndex":-1,"isKey":false,"isExternalId":false,"isSfIdLookup":false,"isNullable":false,"isUnique":false,"isCreateable":false,"isUpdateable":true,"isFilterable":true,"isCalculated":false,"javaType":"java.lang.String","showLabel":true,"naturalOrder":8,"linkedFields":["OtherStreet"],"relatedInfos":[],"references":[]},"expression":"OtherStreet"},{"@type":"fieldMap","id":"7876777","targetField":{"@type":"field","id":21876442,"name":"OTHERCITY","type":"string","uniqueName":"OTHERCITY","label":"OTHERCITY","parentObject":"contacts","pcType":"NSTRING","precision":255,"scale":0,"columnIndex":-1,"isKey":false,"isExternalId":false,"isSfIdLookup":false,"isNullable":false,"isUnique":false,"isCreateable":false,"isUpdateable":true,"isFilterable":true,"isCalculated":false,"javaType":"java.lang.String","showLabel":true,"naturalOrder":9,"linkedFields":["OtherCity"],"relatedInfos":[],"references":[]},"expression":"OtherCity"},{"@type":"fieldMap","id":"7876780","targetField":{"@type":"field","id":21876445,"name":"OTHERSTATE","type":"string","uniqueName":"OTHERSTATE","label":"OTHERSTATE","parentObject":"contacts","pcType":"NSTRING","precision":255,"scale":0,"columnIndex":-1,"isKey":false,"isExternalId":false,"isSfIdLookup":false,"isNullable":false,"isUnique":false,"isCreateable":false,"isUpdateable":true,"isFilterable":true,"isCalculated":false,"javaType":"java.lang.String","showLabel":true,"naturalOrder":10,"linkedFields":["OtherState"],"relatedInfos":[],"references":[]},"expression":"OtherState"},{"@type":"fieldMap","id":"7876783","targetField":{"@type":"field","id":21876448,"name":"OTHERPOSTALCODE","type":"string","uniqueName":"OTHERPOSTALCODE","label":"OTHERPOSTALCODE","parentObject":"contacts","pcType":"NSTRING","precision":255,"scale":0,"columnIndex":-1,"isKey":false,"isExternalId":false,"isSfIdLookup":false,"isNullable":false,"isUnique":false,"isCreateable":false,"isUpdateable":true,"isFilterable":true,"isCalculated":false,"javaType":"java.lang.String","showLabel":true,"naturalOrder":11,"linkedFields":["OtherPostalCode"],"relatedInfos":[],"references":[]},"expression":"OtherPostalCode"},{"@type":"fieldMap","id":"7876786","targetField":{"@type":"field","id":21876451,"name":"OTHERCOUNTRY","type":"string","uniqueName":"OTHERCOUNTRY","label":"OTHERCOUNTRY","parentObject":"contacts","pcType":"NSTRING","precision":255,"scale":0,"columnIndex":-1,"isKey":false,"isExternalId":false,"isSfIdLookup":false,"isNullable":false,"isUnique":false,"isCreateable":false,"isUpdateable":true,"isFilterable":true,"isCalculated":false,"javaType":"java.lang.String","showLabel":true,"naturalOrder":12,"linkedFields":["OtherCountry"],"relatedInfos":[],"references":[]},"expression":"OtherCountry"},{"@type":"fieldMap","id":"7876789","targetField":{"@type":"field","id":21876454,"name":"OTHERLATITUDE","type":"string","uniqueName":"OTHERLATITUDE","label":"OTHERLATITUDE","parentObject":"contacts","pcType":"NSTRING","precision":255,"scale":0,"columnIndex":-1,"isKey":false,"isExternalId":false,"isSfIdLookup":false,"isNullable":false,"isUnique":false,"isCreateable":false,"isUpdateable":true,"isFilterable":true,"isCalculated":false,"javaType":"java.lang.String","showLabel":true,"naturalOrder":13,"linkedFields":["OtherLatitude"],"relatedInfos":[],"references":[]},"expression":"OtherLatitude"},{"@type":"fieldMap","id":"7876792","targetField":{"@type":"field","id":21876457,"name":"OTHERLONGITUDE","type":"string","uniqueName":"OTHERLONGITUDE","label":"OTHERLONGITUDE","parentObject":"contacts","pcType":"NSTRING","precision":255,"scale":0,"columnIndex":-1,"isKey":false,"isExternalId":false,"isSfIdLookup":false,"isNullable":false,"isUnique":false,"isCreateable":false,"isUpdateable":true,"isFilterable":true,"isCalculated":false,"javaType":"java.lang.String","showLabel":true,"naturalOrder":14,"linkedFields":["OtherLongitude"],"relatedInfos":[],"references":[]},"expression":"OtherLongitude"},{"@type":"fieldMap","id":"7876795","targetField":{"@type":"field","id":21876460,"name":"OTHERGEOCODEACCURACY","type":"string","uniqueName":"OTHERGEOCODEACCURACY","label":"OTHERGEOCODEACCURACY","parentObject":"contacts","pcType":"NSTRING","precision":255,"scale":0,"columnIndex":-1,"isKey":false,"isExternalId":false,"isSfIdLookup":false,"isNullable":false,"isUnique":false,"isCreateable":false,"isUpdateable":true,"isFilterable":true,"isCalculated":false,"javaType":"java.lang.String","showLabel":true,"naturalOrder":15,"linkedFields":["OtherGeocodeAccuracy"],"relatedInfos":[],"references":[]},"expression":"OtherGeocodeAccuracy"},{"@type":"fieldMap","id":"7876798","targetField":{"@type":"field","id":21876463,"name":"MAILINGSTREET","type":"string","uniqueName":"MAILINGSTREET","label":"MAILINGSTREET","parentObject":"contacts","pcType":"NSTRING","precision":255,"scale":0,"columnIndex":-1,"isKey":false,"isExternalId":false,"isSfIdLookup":false,"isNullable":false,"isUnique":false,"isCreateable":false,"isUpdateable":true,"isFilterable":true,"isCalculated":false,"javaType":"java.lang.String","showLabel":true,"naturalOrder":16,"linkedFields":["MailingStreet"],"relatedInfos":[],"references":[]},"expression":"MailingStreet"},{"@type":"fieldMap","id":"7876801","targetField":{"@type":"field","id":21876466,"name":"MAILINGCITY","type":"string","uniqueName":"MAILINGCITY","label":"MAILINGCITY","parentObject":"contacts","pcType":"NSTRING","precision":255,"scale":0,"columnIndex":-1,"isKey":false,"isExternalId":false,"isSfIdLookup":false,"isNullable":false,"isUnique":false,"isCreateable":false,"isUpdateable":true,"isFilterable":true,"isCalculated":false,"javaType":"java.lang.String","showLabel":true,"naturalOrder":17,"linkedFields":["MailingCity"],"relatedInfos":[],"references":[]},"expression":"MailingCity"},{"@type":"fieldMap","id":"7876804","targetField":{"@type":"field","id":21876469,"name":"MAILINGSTATE","type":"string","uniqueName":"MAILINGSTATE","label":"MAILINGSTATE","parentObject":"contacts","pcType":"NSTRING","precision":255,"scale":0,"columnIndex":-1,"isKey":false,"isExternalId":false,"isSfIdLookup":false,"isNullable":false,"isUnique":false,"isCreateable":false,"isUpdateable":true,"isFilterable":true,"isCalculated":false,"javaType":"java.lang.String","showLabel":true,"naturalOrder":18,"linkedFields":["MailingState"],"relatedInfos":[],"references":[]},"expression":"MailingState"},{"@type":"fieldMap","id":"7876807","targetField":{"@type":"field","id":21876472,"name":"MAILINGPOSTALCODE","type":"string","uniqueName":"MAILINGPOSTALCODE","label":"MAILINGPOSTALCODE","parentObject":"contacts","pcType":"NSTRING","precision":255,"scale":0,"columnIndex":-1,"isKey":false,"isExternalId":false,"isSfIdLookup":false,"isNullable":false,"isUnique":false,"isCreateable":false,"isUpdateable":true,"isFilterable":true,"isCalculated":false,"javaType":"java.lang.String","showLabel":true,"naturalOrder":19,"linkedFields":["MailingPostalCode"],"relatedInfos":[],"references":[]},"expression":"MailingPostalCode"},{"@type":"fieldMap","id":"7876810","targetField":{"@type":"field","id":21876475,"name":"MAILINGCOUNTRY","type":"string","uniqueName":"MAILINGCOUNTRY","label":"MAILINGCOUNTRY","parentObject":"contacts","pcType":"NSTRING","precision":255,"scale":0,"columnIndex":-1,"isKey":false,"isExternalId":false,"isSfIdLookup":false,"isNullable":false,"isUnique":false,"isCreateable":false,"isUpdateable":true,"isFilterable":true,"isCalculated":false,"javaType":"java.lang.String","showLabel":true,"naturalOrder":20,"linkedFields":["MailingCountry"],"relatedInfos":[],"references":[]},"expression":"MailingCountry"},{"@type":"fieldMap","id":"7876813","targetField":{"@type":"field","id":21876478,"name":"MAILINGLATITUDE","type":"string","uniqueName":"MAILINGLATITUDE","label":"MAILINGLATITUDE","parentObject":"contacts","pcType":"NSTRING","precision":255,"scale":0,"columnIndex":-1,"isKey":false,"isExternalId":false,"isSfIdLookup":false,"isNullable":false,"isUnique":false,"isCreateable":false,"isUpdateable":true,"isFilterable":true,"isCalculated":false,"javaType":"java.lang.String","showLabel":true,"naturalOrder":21,"linkedFields":["MailingLatitude"],"relatedInfos":[],"references":[]},"expression":"MailingLatitude"},{"@type":"fieldMap","id":"7876816","targetField":{"@type":"field","id":21876481,"name":"MAILINGLONGITUDE","type":"string","uniqueName":"MAILINGLONGITUDE","label":"MAILINGLONGITUDE","parentObject":"contacts","pcType":"NSTRING","precision":255,"scale":0,"columnIndex":-1,"isKey":false,"isExternalId":false,"isSfIdLookup":false,"isNullable":false,"isUnique":false,"isCreateable":false,"isUpdateable":true,"isFilterable":true,"isCalculated":false,"javaType":"java.lang.String","showLabel":true,"naturalOrder":22,"linkedFields":["MailingLongitude"],"relatedInfos":[],"references":[]},"expression":"MailingLongitude"},{"@type":"fieldMap","id":"7876819","targetField":{"@type":"field","id":21876484,"name":"MAILINGGEOCODEACCURACY","type":"string","uniqueName":"MAILINGGEOCODEACCURACY","label":"MAILINGGEOCODEACCURACY","parentObject":"contacts","pcType":"NSTRING","precision":255,"scale":0,"columnIndex":-1,"isKey":false,"isExternalId":false,"isSfIdLookup":false,"isNullable":false,"isUnique":false,"isCreateable":false,"isUpdateable":true,"isFilterable":true,"isCalculated":false,"javaType":"java.lang.String","showLabel":true,"naturalOrder":23,"linkedFields":["MailingGeocodeAccuracy"],"relatedInfos":[],"references":[]},"expression":"MailingGeocodeAccuracy"},{"@type":"fieldMap","id":"7876822","targetField":{"@type":"field","id":21876487,"name":"PHONE","type":"string","uniqueName":"PHONE","label":"PHONE","parentObject":"contacts","pcType":"NSTRING","precision":255,"scale":0,"columnIndex":-1,"isKey":false,"isExternalId":false,"isSfIdLookup":false,"isNullable":false,"isUnique":false,"isCreateable":false,"isUpdateable":true,"isFilterable":true,"isCalculated":false,"javaType":"java.lang.String","showLabel":true,"naturalOrder":24,"linkedFields":["Phone"],"relatedInfos":[],"references":[]},"expression":"Phone"},{"@type":"fieldMap","id":"7876825","targetField":{"@type":"field","id":21876490,"name":"FAX","type":"string","uniqueName":"FAX","label":"FAX","parentObject":"contacts","pcType":"NSTRING","precision":255,"scale":0,"columnIndex":-1,"isKey":false,"isExternalId":false,"isSfIdLookup":false,"isNullable":false,"isUnique":false,"isCreateable":false,"isUpdateable":true,"isFilterable":true,"isCalculated":false,"javaType":"java.lang.String","showLabel":true,"naturalOrder":25,"linkedFields":["Fax"],"relatedInfos":[],"references":[]},"expression":"Fax"},{"@type":"fieldMap","id":"7876828","targetField":{"@type":"field","id":21876493,"name":"MOBILEPHONE","type":"string","uniqueName":"MOBILEPHONE","label":"MOBILEPHONE","parentObject":"contacts","pcType":"NSTRING","precision":255,"scale":0,"columnIndex":-1,"isKey":false,"isExternalId":false,"isSfIdLookup":false,"isNullable":false,"isUnique":false,"isCreateable":false,"isUpdateable":true,"isFilterable":true,"isCalculated":false,"javaType":"java.lang.String","showLabel":true,"naturalOrder":26,"linkedFields":["MobilePhone"],"relatedInfos":[],"references":[]},"expression":"MobilePhone"},{"@type":"fieldMap","id":"7876831","targetField":{"@type":"field","id":21876496,"name":"HOMEPHONE","type":"string","uniqueName":"HOMEPHONE","label":"HOMEPHONE","parentObject":"contacts","pcType":"NSTRING","precision":255,"scale":0,"columnIndex":-1,"isKey":false,"isExternalId":false,"isSfIdLookup":false,"isNullable":false,"isUnique":false,"isCreateable":false,"isUpdateable":true,"isFilterable":true,"isCalculated":false,"javaType":"java.lang.String","showLabel":true,"naturalOrder":27,"linkedFields":["HomePhone"],"relatedInfos":[],"references":[]},"expression":"HomePhone"},{"@type":"fieldMap","id":"7876834","targetField":{"@type":"field","id":21876499,"name":"OTHERPHONE","type":"string","uniqueName":"OTHERPHONE","label":"OTHERPHONE","parentObject":"contacts","pcType":"NSTRING","precision":255,"scale":0,"columnIndex":-1,"isKey":false,"isExternalId":false,"isSfIdLookup":false,"isNullable":false,"isUnique":false,"isCreateable":false,"isUpdateable":true,"isFilterable":true,"isCalculated":false,"javaType":"java.lang.String","showLabel":true,"naturalOrder":28,"linkedFields":["OtherPhone"],"relatedInfos":[],"references":[]},"expression":"OtherPhone"},{"@type":"fieldMap","id":"7876837","targetField":{"@type":"field","id":21876502,"name":"ASSISTANTPHONE","type":"string","uniqueName":"ASSISTANTPHONE","label":"ASSISTANTPHONE","parentObject":"contacts","pcType":"NSTRING","precision":255,"scale":0,"columnIndex":-1,"isKey":false,"isExternalId":false,"isSfIdLookup":false,"isNullable":false,"isUnique":false,"isCreateable":false,"isUpdateable":true,"isFilterable":true,"isCalculated":false,"javaType":"java.lang.String","showLabel":true,"naturalOrder":29,"linkedFields":["AssistantPhone"],"relatedInfos":[],"references":[]},"expression":"AssistantPhone"},{"@type":"fieldMap","id":"7876840","targetField":{"@type":"field","id":21876505,"name":"REPORTSTOID","type":"string","uniqueName":"REPORTSTOID","label":"REPORTSTOID","parentObject":"contacts","pcType":"NSTRING","precision":255,"scale":0,"columnIndex":-1,"isKey":false,"isExternalId":false,"isSfIdLookup":false,"isNullable":false,"isUnique":false,"isCreateable":false,"isUpdateable":true,"isFilterable":true,"isCalculated":false,"javaType":"java.lang.String","showLabel":true,"naturalOrder":30,"linkedFields":["ReportsToId"],"relatedInfos":[],"references":[]},"expression":"ReportsToId"},{"@type":"fieldMap","id":"7876843","targetField":{"@type":"field","id":21876508,"name":"EMAIL","type":"string","uniqueName":"EMAIL","label":"EMAIL","parentObject":"contacts","pcType":"NSTRING","precision":255,"scale":0,"columnIndex":-1,"isKey":false,"isExternalId":false,"isSfIdLookup":false,"isNullable":false,"isUnique":false,"isCreateable":false,"isUpdateable":true,"isFilterable":true,"isCalculated":false,"javaType":"java.lang.String","showLabel":true,"naturalOrder":31,"linkedFields":["Email"],"relatedInfos":[],"references":[]},"expression":"Email"},{"@type":"fieldMap","id":"7876846","targetField":{"@type":"field","id":21876511,"name":"TITLE","type":"string","uniqueName":"TITLE","label":"TITLE","parentObject":"contacts","pcType":"NSTRING","precision":255,"scale":0,"columnIndex":-1,"isKey":false,"isExternalId":false,"isSfIdLookup":false,"isNullable":false,"isUnique":false,"isCreateable":false,"isUpdateable":true,"isFilterable":true,"isCalculated":false,"javaType":"java.lang.String","showLabel":true,"naturalOrder":32,"linkedFields":["Title"],"relatedInfos":[],"references":[]},"expression":"Title"},{"@type":"fieldMap","id":"7876849","targetField":{"@type":"field","id":21876514,"name":"DEPARTMENT","type":"string","uniqueName":"DEPARTMENT","label":"DEPARTMENT","parentObject":"contacts","pcType":"NSTRING","precision":255,"scale":0,"columnIndex":-1,"isKey":false,"isExternalId":false,"isSfIdLookup":false,"isNullable":false,"isUnique":false,"isCreateable":false,"isUpdateable":true,"isFilterable":true,"isCalculated":false,"javaType":"java.lang.String","showLabel":true,"naturalOrder":33,"linkedFields":["Department"],"relatedInfos":[],"references":[]},"expression":"Department"},{"@type":"fieldMap","id":"7876852","targetField":{"@type":"field","id":21876517,"name":"ASSISTANTNAME","type":"string","uniqueName":"ASSISTANTNAME","label":"ASSISTANTNAME","parentObject":"contacts","pcType":"NSTRING","precision":255,"scale":0,"columnIndex":-1,"isKey":false,"isExternalId":false,"isSfIdLookup":false,"isNullable":false,"isUnique":false,"isCreateable":false,"isUpdateable":true,"isFilterable":true,"isCalculated":false,"javaType":"java.lang.String","showLabel":true,"naturalOrder":34,"linkedFields":["AssistantName"],"relatedInfos":[],"references":[]},"expression":"AssistantName"},{"@type":"fieldMap","id":"7876855","targetField":{"@type":"field","id":21876520,"name":"LEADSOURCE","type":"string","uniqueName":"LEADSOURCE","label":"LEADSOURCE","parentObject":"contacts","pcType":"NSTRING","precision":255,"scale":0,"columnIndex":-1,"isKey":false,"isExternalId":false,"isSfIdLookup":false,"isNullable":false,"isUnique":false,"isCreateable":false,"isUpdateable":true,"isFilterable":true,"isCalculated":false,"javaType":"java.lang.String","showLabel":true,"naturalOrder":35,"linkedFields":["LeadSource"],"relatedInfos":[],"references":[]},"expression":"LeadSource"},{"@type":"fieldMap","id":"7876858","targetField":{"@type":"field","id":21876523,"name":"BIRTHDATE","type":"timestamp","uniqueName":"BIRTHDATE","label":"BIRTHDATE","parentObject":"contacts","pcType":"TOOLKIT_DATETIME","precision":29,"scale":6,"columnIndex":-1,"isKey":false,"isExternalId":false,"isSfIdLookup":false,"isNullable":false,"isUnique":false,"isCreateable":false,"isUpdateable":true,"isFilterable":true,"isCalculated":false,"javaType":"java.sql.Timestamp","showLabel":true,"naturalOrder":36,"linkedFields":["Birthdate"],"relatedInfos":[],"references":[]},"expression":"Birthdate"},{"@type":"fieldMap","id":"7876861","targetField":{"@type":"field","id":21876526,"name":"OWNERID","type":"string","uniqueName":"OWNERID","label":"OWNERID","parentObject":"contacts","pcType":"NSTRING","precision":255,"scale":0,"columnIndex":-1,"isKey":false,"isExternalId":false,"isSfIdLookup":false,"isNullable":false,"isUnique":false,"isCreateable":false,"isUpdateable":true,"isFilterable":true,"isCalculated":false,"javaType":"java.lang.String","showLabel":true,"naturalOrder":37,"linkedFields":["OwnerId"],"relatedInfos":[],"references":[]},"expression":"OwnerId"},{"@type":"fieldMap","id":"7876864","targetField":{"@type":"field","id":21876529,"name":"CREATEDDATE","type":"timestamp","uniqueName":"CREATEDDATE","label":"CREATEDDATE","parentObject":"contacts","pcType":"TOOLKIT_DATETIME","precision":29,"scale":6,"columnIndex":-1,"isKey":false,"isExternalId":false,"isSfIdLookup":false,"isNullable":false,"isUnique":false,"isCreateable":false,"isUpdateable":true,"isFilterable":true,"isCalculated":false,"javaType":"java.sql.Timestamp","showLabel":true,"naturalOrder":38,"linkedFields":["CreatedDate"],"relatedInfos":[],"references":[]},"expression":"CreatedDate"},{"@type":"fieldMap","id":"7876867","targetField":{"@type":"field","id":21876532,"name":"CREATEDBYID","type":"string","uniqueName":"CREATEDBYID","label":"CREATEDBYID","parentObject":"contacts","pcType":"NSTRING","precision":255,"scale":0,"columnIndex":-1,"isKey":false,"isExternalId":false,"isSfIdLookup":false,"isNullable":false,"isUnique":false,"isCreateable":false,"isUpdateable":true,"isFilterable":true,"isCalculated":false,"javaType":"java.lang.String","showLabel":true,"naturalOrder":39,"linkedFields":["CreatedById"],"relatedInfos":[],"references":[]},"expression":"CreatedById"},{"@type":"fieldMap","id":"7876870","targetField":{"@type":"field","id":21876535,"name":"LASTMODIFIEDDATE","type":"timestamp","uniqueName":"LASTMODIFIEDDATE","label":"LASTMODIFIEDDATE","parentObject":"contacts","pcType":"TOOLKIT_DATETIME","precision":29,"scale":6,"columnIndex":-1,"isKey":false,"isExternalId":false,"isSfIdLookup":false,"isNullable":false,"isUnique":false,"isCreateable":false,"isUpdateable":true,"isFilterable":true,"isCalculated":false,"javaType":"java.sql.Timestamp","showLabel":true,"naturalOrder":40,"linkedFields":["LastModifiedDate"],"relatedInfos":[],"references":[]},"expression":"LastModifiedDate"},{"@type":"fieldMap","id":"7876873","targetField":{"@type":"field","id":21876538,"name":"LASTMODIFIEDBYID","type":"string","uniqueName":"LASTMODIFIEDBYID","label":"LASTMODIFIEDBYID","parentObject":"contacts","pcType":"NSTRING","precision":255,"scale":0,"columnIndex":-1,"isKey":false,"isExternalId":false,"isSfIdLookup":false,"isNullable":false,"isUnique":false,"isCreateable":false,"isUpdateable":true,"isFilterable":true,"isCalculated":false,"javaType":"java.lang.String","showLabel":true,"naturalOrder":41,"linkedFields":["LastModifiedById"],"relatedInfos":[],"references":[]},"expression":"LastModifiedById"},{"@type":"fieldMap","id":"7876876","targetField":{"@type":"field","id":21876541,"name":"SYSTEMMODSTAMP","type":"timestamp","uniqueName":"SYSTEMMODSTAMP","label":"SYSTEMMODSTAMP","parentObject":"contacts","pcType":"TOOLKIT_DATETIME","precision":29,"scale":6,"columnIndex":-1,"isKey":false,"isExternalId":false,"isSfIdLookup":false,"isNullable":false,"isUnique":false,"isCreateable":false,"isUpdateable":true,"isFilterable":true,"isCalculated":false,"javaType":"java.sql.Timestamp","showLabel":true,"naturalOrder":42,"linkedFields":["SystemModstamp"],"relatedInfos":[],"references":[]},"expression":"SystemModstamp"},{"@type":"fieldMap","id":"7876879","targetField":{"@type":"field","id":21876544,"name":"LASTACTIVITYDATE","type":"timestamp","uniqueName":"LASTACTIVITYDATE","label":"LASTACTIVITYDATE","parentObject":"contacts","pcType":"TOOLKIT_DATETIME","precision":29,"scale":6,"columnIndex":-1,"isKey":false,"isExternalId":false,"isSfIdLookup":false,"isNullable":false,"isUnique":false,"isCreateable":false,"isUpdateable":true,"isFilterable":true,"isCalculated":false,"javaType":"java.sql.Timestamp","showLabel":true,"naturalOrder":43,"linkedFields":["LastActivityDate"],"relatedInfos":[],"references":[]},"expression":"LastActivityDate"},{"@type":"fieldMap","id":"7876882","targetField":{"@type":"field","id":21876547,"name":"LASTCUREQUESTDATE","type":"timestamp","uniqueName":"LASTCUREQUESTDATE","label":"LASTCUREQUESTDATE","parentObject":"contacts","pcType":"TOOLKIT_DATETIME","precision":29,"scale":6,"columnIndex":-1,"isKey":false,"isExternalId":false,"isSfIdLookup":false,"isNullable":false,"isUnique":false,"isCreateable":false,"isUpdateable":true,"isFilterable":true,"isCalculated":false,"javaType":"java.sql.Timestamp","showLabel":true,"naturalOrder":44,"linkedFields":["LastCURequestDate"],"relatedInfos":[],"references":[]},"expression":"LastCURequestDate"},{"@type":"fieldMap","id":"7876885","targetField":{"@type":"field","id":21876550,"name":"LASTCUUPDATEDATE","type":"timestamp","uniqueName":"LASTCUUPDATEDATE","label":"LASTCUUPDATEDATE","parentObject":"contacts","pcType":"TOOLKIT_DATETIME","precision":29,"scale":6,"columnIndex":-1,"isKey":false,"isExternalId":false,"isSfIdLookup":false,"isNullable":false,"isUnique":false,"isCreateable":false,"isUpdateable":true,"isFilterable":true,"isCalculated":false,"javaType":"java.sql.Timestamp","showLabel":true,"naturalOrder":45,"linkedFields":["LastCUUpdateDate"],"relatedInfos":[],"references":[]},"expression":"LastCUUpdateDate"},{"@type":"fieldMap","id":"7876888","targetField":{"@type":"field","id":21876553,"name":"LASTVIEWEDDATE","type":"timestamp","uniqueName":"LASTVIEWEDDATE","label":"LASTVIEWEDDATE","parentObject":"contacts","pcType":"TOOLKIT_DATETIME","precision":29,"scale":6,"columnIndex":-1,"isKey":false,"isExternalId":false,"isSfIdLookup":false,"isNullable":false,"isUnique":false,"isCreateable":false,"isUpdateable":true,"isFilterable":true,"isCalculated":false,"javaType":"java.sql.Timestamp","showLabel":true,"naturalOrder":46,"linkedFields":["LastViewedDate"],"relatedInfos":[],"references":[]},"expression":"LastViewedDate"},{"@type":"fieldMap","id":"7876891","targetField":{"@type":"field","id":21876556,"name":"LASTREFERENCEDDATE","type":"timestamp","uniqueName":"LASTREFERENCEDDATE","label":"LASTREFERENCEDDATE","parentObject":"contacts","pcType":"TOOLKIT_DATETIME","precision":29,"scale":6,"columnIndex":-1,"isKey":false,"isExternalId":false,"isSfIdLookup":false,"isNullable":false,"isUnique":false,"isCreateable":false,"isUpdateable":true,"isFilterable":true,"isCalculated":false,"javaType":"java.sql.Timestamp","showLabel":true,"naturalOrder":47,"linkedFields":["LastReferencedDate"],"relatedInfos":[],"references":[]},"expression":"LastReferencedDate"},{"@type":"fieldMap","id":"7876894","targetField":{"@type":"field","id":21876559,"name":"EMAILBOUNCEDREASON","type":"string","uniqueName":"EMAILBOUNCEDREASON","label":"EMAILBOUNCEDREASON","parentObject":"contacts","pcType":"NSTRING","precision":255,"scale":0,"columnIndex":-1,"isKey":false,"isExternalId":false,"isSfIdLookup":false,"isNullable":false,"isUnique":false,"isCreateable":false,"isUpdateable":true,"isFilterable":true,"isCalculated":false,"javaType":"java.lang.String","showLabel":true,"naturalOrder":48,"linkedFields":["EmailBouncedReason"],"relatedInfos":[],"references":[]},"expression":"EmailBouncedReason"},{"@type":"fieldMap","id":"7876897","targetField":{"@type":"field","id":21876562,"name":"EMAILBOUNCEDDATE","type":"timestamp","uniqueName":"EMAILBOUNCEDDATE","label":"EMAILBOUNCEDDATE","parentObject":"contacts","pcType":"TOOLKIT_DATETIME","precision":29,"scale":6,"columnIndex":-1,"isKey":false,"isExternalId":false,"isSfIdLookup":false,"isNullable":false,"isUnique":false,"isCreateable":false,"isUpdateable":true,"isFilterable":true,"isCalculated":false,"javaType":"java.sql.Timestamp","showLabel":true,"naturalOrder":49,"linkedFields":["EmailBouncedDate"],"relatedInfos":[],"references":[]},"expression":"EmailBouncedDate"},{"@type":"fieldMap","id":"7876900","targetField":{"@type":"field","id":21876565,"name":"ISEMAILBOUNCED","type":"float","uniqueName":"ISEMAILBOUNCED","label":"ISEMAILBOUNCED","parentObject":"contacts","pcType":"DOUBLE","precision":16,"scale":0,"columnIndex":-1,"isKey":false,"isExternalId":false,"isSfIdLookup":false,"isNullable":false,"isUnique":false,"isCreateable":false,"isUpdateable":true,"isFilterable":true,"isCalculated":false,"javaType":"java.lang.Double","showLabel":true,"naturalOrder":50,"linkedFields":["IsEmailBounced"],"relatedInfos":[],"references":[]},"expression":"IsEmailBounced"},{"@type":"fieldMap","id":"7876903","targetField":{"@type":"field","id":21876568,"name":"PHOTOURL","type":"string","uniqueName":"PHOTOURL","label":"PHOTOURL","parentObject":"contacts","pcType":"NSTRING","precision":255,"scale":0,"columnIndex":-1,"isKey":false,"isExternalId":false,"isSfIdLookup":false,"isNullable":false,"isUnique":false,"isCreateable":false,"isUpdateable":true,"isFilterable":true,"isCalculated":false,"javaType":"java.lang.String","showLabel":true,"naturalOrder":51,"linkedFields":["PhotoUrl"],"relatedInfos":[],"references":[]},"expression":"PhotoUrl"},{"@type":"fieldMap","id":"7876906","targetField":{"@type":"field","id":21876571,"name":"JIGSAW","type":"string","uniqueName":"JIGSAW","label":"JIGSAW","parentObject":"contacts","pcType":"NSTRING","precision":255,"scale":0,"columnIndex":-1,"isKey":false,"isExternalId":false,"isSfIdLookup":false,"isNullable":false,"isUnique":false,"isCreateable":false,"isUpdateable":true,"isFilterable":true,"isCalculated":false,"javaType":"java.lang.String","showLabel":true,"naturalOrder":52,"linkedFields":["Jigsaw"],"relatedInfos":[],"references":[]},"expression":"Jigsaw"},{"@type":"fieldMap","id":"7876909","targetField":{"@type":"field","id":21876574,"name":"JIGSAWCONTACTID","type":"string","uniqueName":"JIGSAWCONTACTID","label":"JIGSAWCONTACTID","parentObject":"contacts","pcType":"NSTRING","precision":255,"scale":0,"columnIndex":-1,"isKey":false,"isExternalId":false,"isSfIdLookup":false,"isNullable":false,"isUnique":false,"isCreateable":false,"isUpdateable":true,"isFilterable":true,"isCalculated":false,"javaType":"java.lang.String","showLabel":true,"naturalOrder":53,"linkedFields":["JigsawContactId"],"relatedInfos":[],"references":[]},"expression":"JigsawContactId"},{"@type":"fieldMap","id":"7876912","targetField":{"@type":"field","id":21876577,"name":"CLEANSTATUS","type":"string","uniqueName":"CLEANSTATUS","label":"CLEANSTATUS","parentObject":"contacts","pcType":"NSTRING","precision":255,"scale":0,"columnIndex":-1,"isKey":false,"isExternalId":false,"isSfIdLookup":false,"isNullable":false,"isUnique":false,"isCreateable":false,"isUpdateable":true,"isFilterable":true,"isCalculated":false,"javaType":"java.lang.String","showLabel":true,"naturalOrder":54,"linkedFields":["CleanStatus"],"relatedInfos":[],"references":[]},"expression":"CleanStatus"},{"@type":"fieldMap","id":"7876915","targetField":{"@type":"field","id":21876580,"name":"LEVEL__C","type":"string","uniqueName":"LEVEL__C","label":"LEVEL__C","parentObject":"contacts","pcType":"NSTRING","precision":255,"scale":0,"columnIndex":-1,"isKey":false,"isExternalId":false,"isSfIdLookup":false,"isNullable":false,"isUnique":false,"isCreateable":false,"isUpdateable":true,"isFilterable":true,"isCalculated":false,"javaType":"java.lang.String","showLabel":true,"naturalOrder":55,"linkedFields":["Level__c"],"relatedInfos":[],"references":[]},"expression":"Level__c"},{"@type":"fieldMap","id":"7876918","targetField":{"@type":"field","id":21876583,"name":"LANGUAGES__C","type":"string","uniqueName":"LANGUAGES__C","label":"LANGUAGES__C","parentObject":"contacts","pcType":"NSTRING","precision":255,"scale":0,"columnIndex":-1,"isKey":false,"isExternalId":false,"isSfIdLookup":false,"isNullable":false,"isUnique":false,"isCreateable":false,"isUpdateable":true,"isFilterable":true,"isCalculated":false,"javaType":"java.lang.String","showLabel":true,"naturalOrder":56,"linkedFields":["Languages__c"],"relatedInfos":[],"references":[]},"expression":"Languages__c"},{"@type":"fieldMap","id":"7876921","targetField":{"@type":"field","id":21876586,"name":"DMASK_EXTERNAL_ID__C","type":"string","uniqueName":"DMASK_EXTERNAL_ID__C","label":"DMASK_EXTERNAL_ID__C","parentObject":"contacts","pcType":"NSTRING","precision":255,"scale":0,"columnIndex":-1,"isKey":false,"isExternalId":false,"isSfIdLookup":false,"isNullable":false,"isUnique":false,"isCreateable":false,"isUpdateable":true,"isFilterable":true,"isCalculated":false,"javaType":"java.lang.String","showLabel":true,"naturalOrder":57,"linkedFields":[],"relatedInfos":[],"references":[]}}],"sourceFields":[{"@type":"field","id":18017248,"name":"Id","type":"id","uniqueName":"Id","label":"Contact ID","parentObject":"Contact","pcType":"STRING","precision":18,"scale":0,"columnIndex":0,"isKey":true,"isExternalId":false,"isSfIdLookup":true,"isNullable":false,"isUnique":false,"isCreateable":false,"isUpdateable":false,"isFilterable":true,"isCalculated":false,"showLabel":true,"naturalOrder":0,"linkedFields":["ID"],"relatedInfos":[],"references":[]},{"@type":"field","id":18017251,"name":"IsDeleted","type":"boolean","uniqueName":"IsDeleted","label":"Deleted","parentObject":"Contact","pcType":"INT","precision":10,"scale":0,"columnIndex":1,"isKey":false,"isExternalId":false,"isSfIdLookup":false,"isNullable":false,"isUnique":false,"isCreateable":false,"isUpdateable":false,"isFilterable":true,"isCalculated":false,"showLabel":true,"naturalOrder":1,"linkedFields":["ISDELETED"],"relatedInfos":[],"references":[]},{"@type":"field","id":18017254,"name":"MasterRecordId","type":"reference","uniqueName":"MasterRecordId","label":"Master Record ID","parentObject":"Contact","pcType":"STRING","precision":18,"scale":0,"columnIndex":2,"isKey":false,"isExternalId":false,"isSfIdLookup":false,"isNullable":true,"isUnique":false,"isCreateable":false,"isUpdateable":false,"isFilterable":true,"isCalculated":false,"showLabel":true,"naturalOrder":2,"linkedFields":["MASTERRECORDID"],"relatedInfos":[{"@type":"fieldRelatedInfo","id":1388146,"referenceObject":"Contact","relationshipName":"MasterRecord","referenceField":{"@type":"field","id":-1,"precision":0,"scale":0,"columnIndex":-1,"isKey":false,"isExternalId":false,"isSfIdLookup":false,"isNullable":true,"isUnique":false,"isCreateable":false,"isUpdateable":true,"isFilterable":true,"isCalculated":false,"showLabel":true,"naturalOrder":0,"linkedFields":[],"relatedInfos":[],"references":[]}}],"references":[]},{"@type":"field","id":18017257,"name":"AccountId","type":"reference","uniqueName":"AccountId","label":"Account ID","parentObject":"Contact","pcType":"STRING","precision":18,"scale":0,"columnIndex":3,"isKey":false,"isExternalId":false,"isSfIdLookup":false,"isNullable":true,"isUnique":false,"isCreateable":true,"isUpdateable":true,"isFilterable":true,"isCalculated":false,"showLabel":true,"naturalOrder":3,"linkedFields":["ACCOUNTID"],"relatedInfos":[{"@type":"fieldRelatedInfo","id":1388149,"referenceObject":"Account","relationshipName":"Account","referenceField":{"@type":"field","id":-1,"precision":0,"scale":0,"columnIndex":-1,"isKey":false,"isExternalId":false,"isSfIdLookup":false,"isNullable":true,"isUnique":false,"isCreateable":false,"isUpdateable":true,"isFilterable":true,"isCalculated":false,"showLabel":true,"naturalOrder":0,"linkedFields":[],"relatedInfos":[],"references":[]}}],"references":[]},{"@type":"field","id":18017260,"name":"LastName","type":"string","uniqueName":"LastName","label":"Last Name","parentObject":"Contact","pcType":"STRING","precision":80,"scale":0,"columnIndex":4,"isKey":false,"isExternalId":false,"isSfIdLookup":false,"isNullable":false,"isUnique":false,"isCreateable":true,"isUpdateable":true,"isFilterable":true,"isCalculated":false,"showLabel":true,"naturalOrder":4,"linkedFields":["LASTNAME"],"relatedInfos":[],"references":[]},{"@type":"field","id":18017263,"name":"FirstName","type":"string","uniqueName":"FirstName","label":"First Name","parentObject":"Contact","pcType":"STRING","precision":40,"scale":0,"columnIndex":5,"isKey":false,"isExternalId":false,"isSfIdLookup":false,"isNullable":true,"isUnique":false,"isCreateable":true,"isUpdateable":true,"isFilterable":true,"isCalculated":false,"showLabel":true,"naturalOrder":5,"linkedFields":["FIRSTNAME"],"relatedInfos":[],"references":[]},{"@type":"field","id":18017266,"name":"Salutation","type":"picklist","uniqueName":"Salutation","label":"Salutation","parentObject":"Contact","pcType":"STRING","precision":40,"scale":0,"columnIndex":6,"isKey":false,"isExternalId":false,"isSfIdLookup":false,"isNullable":true,"isUnique":false,"isCreateable":true,"isUpdateable":true,"isFilterable":true,"isCalculated":false,"showLabel":true,"naturalOrder":6,"linkedFields":["SALUTATION"],"relatedInfos":[],"references":[]},{"@type":"field","id":18017269,"name":"Name","type":"string","uniqueName":"Name","label":"Full Name","parentObject":"Contact","pcType":"STRING","precision":121,"scale":0,"columnIndex":7,"isKey":false,"isExternalId":false,"isSfIdLookup":false,"isNullable":false,"isUnique":false,"isCreateable":false,"isUpdateable":false,"isFilterable":true,"isCalculated":false,"showLabel":true,"naturalOrder":7,"linkedFields":["NAME"],"relatedInfos":[],"references":[]},{"@type":"field","id":18017272,"name":"OtherStreet","type":"textarea","uniqueName":"OtherStreet","label":"Other Street","parentObject":"Contact","pcType":"STRING","precision":255,"scale":0,"columnIndex":8,"isKey":false,"isExternalId":false,"isSfIdLookup":false,"isNullable":true,"isUnique":false,"isCreateable":true,"isUpdateable":true,"isFilterable":true,"isCalculated":false,"showLabel":true,"naturalOrder":8,"linkedFields":["OTHERSTREET"],"relatedInfos":[],"references":[]},{"@type":"field","id":18017275,"name":"OtherCity","type":"string","uniqueName":"OtherCity","label":"Other City","parentObject":"Contact","pcType":"STRING","precision":40,"scale":0,"columnIndex":9,"isKey":false,"isExternalId":false,"isSfIdLookup":false,"isNullable":true,"isUnique":false,"isCreateable":true,"isUpdateable":true,"isFilterable":true,"isCalculated":false,"showLabel":true,"naturalOrder":9,"linkedFields":["OTHERCITY"],"relatedInfos":[],"references":[]},{"@type":"field","id":18017278,"name":"OtherState","type":"string","uniqueName":"OtherState","label":"Other State/Province","parentObject":"Contact","pcType":"STRING","precision":80,"scale":0,"columnIndex":10,"isKey":false,"isExternalId":false,"isSfIdLookup":false,"isNullable":true,"isUnique":false,"isCreateable":true,"isUpdateable":true,"isFilterable":true,"isCalculated":false,"showLabel":true,"naturalOrder":10,"linkedFields":["OTHERSTATE"],"relatedInfos":[],"references":[]},{"@type":"field","id":18017281,"name":"OtherPostalCode","type":"string","uniqueName":"OtherPostalCode","label":"Other Zip/Postal Code","parentObject":"Contact","pcType":"STRING","precision":20,"scale":0,"columnIndex":11,"isKey":false,"isExternalId":false,"isSfIdLookup":false,"isNullable":true,"isUnique":false,"isCreateable":true,"isUpdateable":true,"isFilterable":true,"isCalculated":false,"showLabel":true,"naturalOrder":11,"linkedFields":["OTHERPOSTALCODE"],"relatedInfos":[],"references":[]},{"@type":"field","id":18017284,"name":"OtherCountry","type":"string","uniqueName":"OtherCountry","label":"Other Country","parentObject":"Contact","pcType":"STRING","precision":80,"scale":0,"columnIndex":12,"isKey":false,"isExternalId":false,"isSfIdLookup":false,"isNullable":true,"isUnique":false,"isCreateable":true,"isUpdateable":true,"isFilterable":true,"isCalculated":false,"showLabel":true,"naturalOrder":12,"linkedFields":["OTHERCOUNTRY"],"relatedInfos":[],"references":[]},{"@type":"field","id":18017287,"name":"OtherLatitude","type":"double","uniqueName":"OtherLatitude","label":"Other Latitude","parentObject":"Contact","pcType":"HIPRECDECIMAL","precision":18,"scale":15,"columnIndex":13,"isKey":false,"isExternalId":false,"isSfIdLookup":false,"isNullable":true,"isUnique":false,"isCreateable":true,"isUpdateable":true,"isFilterable":true,"isCalculated":false,"showLabel":true,"naturalOrder":13,"linkedFields":["OTHERLATITUDE"],"relatedInfos":[],"references":[]},{"@type":"field","id":18017290,"name":"OtherLongitude","type":"double","uniqueName":"OtherLongitude","label":"Other Longitude","parentObject":"Contact","pcType":"HIPRECDECIMAL","precision":18,"scale":15,"columnIndex":14,"isKey":false,"isExternalId":false,"isSfIdLookup":false,"isNullable":true,"isUnique":false,"isCreateable":true,"isUpdateable":true,"isFilterable":true,"isCalculated":false,"showLabel":true,"naturalOrder":14,"linkedFields":["OTHERLONGITUDE"],"relatedInfos":[],"references":[]},{"@type":"field","id":18017293,"name":"OtherGeocodeAccuracy","type":"picklist","uniqueName":"OtherGeocodeAccuracy","label":"Other Geocode Accuracy","parentObject":"Contact","pcType":"STRING","precision":40,"scale":0,"columnIndex":15,"isKey":false,"isExternalId":false,"isSfIdLookup":false,"isNullable":true,"isUnique":false,"isCreateable":true,"isUpdateable":true,"isFilterable":true,"isCalculated":false,"showLabel":true,"naturalOrder":15,"linkedFields":["OTHERGEOCODEACCURACY"],"relatedInfos":[],"references":[]},{"@type":"field","id":18017296,"name":"MailingStreet","type":"textarea","uniqueName":"MailingStreet","label":"Mailing Street","parentObject":"Contact","pcType":"STRING","precision":255,"scale":0,"columnIndex":16,"isKey":false,"isExternalId":false,"isSfIdLookup":false,"isNullable":true,"isUnique":false,"isCreateable":true,"isUpdateable":true,"isFilterable":true,"isCalculated":false,"showLabel":true,"naturalOrder":16,"linkedFields":["MAILINGSTREET"],"relatedInfos":[],"references":[]},{"@type":"field","id":18017299,"name":"MailingCity","type":"string","uniqueName":"MailingCity","label":"Mailing City","parentObject":"Contact","pcType":"STRING","precision":40,"scale":0,"columnIndex":17,"isKey":false,"isExternalId":false,"isSfIdLookup":false,"isNullable":true,"isUnique":false,"isCreateable":true,"isUpdateable":true,"isFilterable":true,"isCalculated":false,"showLabel":true,"naturalOrder":17,"linkedFields":["MAILINGCITY"],"relatedInfos":[],"references":[]},{"@type":"field","id":18017302,"name":"MailingState","type":"string","uniqueName":"MailingState","label":"Mailing State/Province","parentObject":"Contact","pcType":"STRING","precision":80,"scale":0,"columnIndex":18,"isKey":false,"isExternalId":false,"isSfIdLookup":false,"isNullable":true,"isUnique":false,"isCreateable":true,"isUpdateable":true,"isFilterable":true,"isCalculated":false,"showLabel":true,"naturalOrder":18,"linkedFields":["MAILINGSTATE"],"relatedInfos":[],"references":[]},{"@type":"field","id":18017305,"name":"MailingPostalCode","type":"string","uniqueName":"MailingPostalCode","label":"Mailing Zip/Postal Code","parentObject":"Contact","pcType":"STRING","precision":20,"scale":0,"columnIndex":19,"isKey":false,"isExternalId":false,"isSfIdLookup":false,"isNullable":true,"isUnique":false,"isCreateable":true,"isUpdateable":true,"isFilterable":true,"isCalculated":false,"showLabel":true,"naturalOrder":19,"linkedFields":["MAILINGPOSTALCODE"],"relatedInfos":[],"references":[]},{"@type":"field","id":18017308,"name":"MailingCountry","type":"string","uniqueName":"MailingCountry","label":"Mailing Country","parentObject":"Contact","pcType":"STRING","precision":80,"scale":0,"columnIndex":20,"isKey":false,"isExternalId":false,"isSfIdLookup":false,"isNullable":true,"isUnique":false,"isCreateable":true,"isUpdateable":true,"isFilterable":true,"isCalculated":false,"showLabel":true,"naturalOrder":20,"linkedFields":["MAILINGCOUNTRY"],"relatedInfos":[],"references":[]},{"@type":"field","id":18017311,"name":"MailingLatitude","type":"double","uniqueName":"MailingLatitude","label":"Mailing Latitude","parentObject":"Contact","pcType":"HIPRECDECIMAL","precision":18,"scale":15,"columnIndex":21,"isKey":false,"isExternalId":false,"isSfIdLookup":false,"isNullable":true,"isUnique":false,"isCreateable":true,"isUpdateable":true,"isFilterable":true,"isCalculated":false,"showLabel":true,"naturalOrder":21,"linkedFields":["MAILINGLATITUDE"],"relatedInfos":[],"references":[]},{"@type":"field","id":18017314,"name":"MailingLongitude","type":"double","uniqueName":"MailingLongitude","label":"Mailing Longitude","parentObject":"Contact","pcType":"HIPRECDECIMAL","precision":18,"scale":15,"columnIndex":22,"isKey":false,"isExternalId":false,"isSfIdLookup":false,"isNullable":true,"isUnique":false,"isCreateable":true,"isUpdateable":true,"isFilterable":true,"isCalculated":false,"showLabel":true,"naturalOrder":22,"linkedFields":["MAILINGLONGITUDE"],"relatedInfos":[],"references":[]},{"@type":"field","id":18017317,"name":"MailingGeocodeAccuracy","type":"picklist","uniqueName":"MailingGeocodeAccuracy","label":"Mailing Geocode Accuracy","parentObject":"Contact","pcType":"STRING","precision":40,"scale":0,"columnIndex":23,"isKey":false,"isExternalId":false,"isSfIdLookup":false,"isNullable":true,"isUnique":false,"isCreateable":true,"isUpdateable":true,"isFilterable":true,"isCalculated":false,"showLabel":true,"naturalOrder":23,"linkedFields":["MAILINGGEOCODEACCURACY"],"relatedInfos":[],"references":[]},{"@type":"field","id":18017320,"name":"Phone","type":"phone","uniqueName":"Phone","label":"Business Phone","parentObject":"Contact","pcType":"STRING","precision":40,"scale":0,"columnIndex":24,"isKey":false,"isExternalId":false,"isSfIdLookup":false,"isNullable":true,"isUnique":false,"isCreateable":true,"isUpdateable":true,"isFilterable":true,"isCalculated":false,"showLabel":true,"naturalOrder":24,"linkedFields":["PHONE"],"relatedInfos":[],"references":[]},{"@type":"field","id":18017323,"name":"Fax","type":"phone","uniqueName":"Fax","label":"Business Fax","parentObject":"Contact","pcType":"STRING","precision":40,"scale":0,"columnIndex":25,"isKey":false,"isExternalId":false,"isSfIdLookup":false,"isNullable":true,"isUnique":false,"isCreateable":true,"isUpdateable":true,"isFilterable":true,"isCalculated":false,"showLabel":true,"naturalOrder":25,"linkedFields":["FAX"],"relatedInfos":[],"references":[]},{"@type":"field","id":18017326,"name":"MobilePhone","type":"phone","uniqueName":"MobilePhone","label":"Mobile Phone","parentObject":"Contact","pcType":"STRING","precision":40,"scale":0,"columnIndex":26,"isKey":false,"isExternalId":false,"isSfIdLookup":false,"isNullable":true,"isUnique":false,"isCreateable":true,"isUpdateable":true,"isFilterable":true,"isCalculated":false,"showLabel":true,"naturalOrder":26,"linkedFields":["MOBILEPHONE"],"relatedInfos":[],"references":[]},{"@type":"field","id":18017329,"name":"HomePhone","type":"phone","uniqueName":"HomePhone","label":"Home Phone","parentObject":"Contact","pcType":"STRING","precision":40,"scale":0,"columnIndex":27,"isKey":false,"isExternalId":false,"isSfIdLookup":false,"isNullable":true,"isUnique":false,"isCreateable":true,"isUpdateable":true,"isFilterable":true,"isCalculated":false,"showLabel":true,"naturalOrder":27,"linkedFields":["HOMEPHONE"],"relatedInfos":[],"references":[]},{"@type":"field","id":18017332,"name":"OtherPhone","type":"phone","uniqueName":"OtherPhone","label":"Other Phone","parentObject":"Contact","pcType":"STRING","precision":40,"scale":0,"columnIndex":28,"isKey":false,"isExternalId":false,"isSfIdLookup":false,"isNullable":true,"isUnique":false,"isCreateable":true,"isUpdateable":true,"isFilterable":true,"isCalculated":false,"showLabel":true,"naturalOrder":28,"linkedFields":["OTHERPHONE"],"relatedInfos":[],"references":[]},{"@type":"field","id":18017335,"name":"AssistantPhone","type":"phone","uniqueName":"AssistantPhone","label":"Asst. Phone","parentObject":"Contact","pcType":"STRING","precision":40,"scale":0,"columnIndex":29,"isKey":false,"isExternalId":false,"isSfIdLookup":false,"isNullable":true,"isUnique":false,"isCreateable":true,"isUpdateable":true,"isFilterable":true,"isCalculated":false,"showLabel":true,"naturalOrder":29,"linkedFields":["ASSISTANTPHONE"],"relatedInfos":[],"references":[]},{"@type":"field","id":18017338,"name":"ReportsToId","type":"reference","uniqueName":"ReportsToId","label":"Reports To ID","parentObject":"Contact","pcType":"STRING","precision":18,"scale":0,"columnIndex":30,"isKey":false,"isExternalId":false,"isSfIdLookup":false,"isNullable":true,"isUnique":false,"isCreateable":true,"isUpdateable":true,"isFilterable":true,"isCalculated":false,"showLabel":true,"naturalOrder":30,"linkedFields":["REPORTSTOID"],"relatedInfos":[{"@type":"fieldRelatedInfo","id":1388152,"referenceObject":"Contact","relationshipName":"ReportsTo","referenceField":{"@type":"field","id":-1,"precision":0,"scale":0,"columnIndex":-1,"isKey":false,"isExternalId":false,"isSfIdLookup":false,"isNullable":true,"isUnique":false,"isCreateable":false,"isUpdateable":true,"isFilterable":true,"isCalculated":false,"showLabel":true,"naturalOrder":0,"linkedFields":[],"relatedInfos":[],"references":[]}}],"references":[]},{"@type":"field","id":18017341,"name":"Email","type":"email","uniqueName":"Email","label":"Email","parentObject":"Contact","pcType":"STRING","precision":80,"scale":0,"columnIndex":31,"isKey":false,"isExternalId":false,"isSfIdLookup":true,"isNullable":true,"isUnique":false,"isCreateable":true,"isUpdateable":true,"isFilterable":true,"isCalculated":false,"showLabel":true,"naturalOrder":31,"linkedFields":["EMAIL"],"relatedInfos":[],"references":[]},{"@type":"field","id":18017344,"name":"Title","type":"string","uniqueName":"Title","label":"Title","parentObject":"Contact","pcType":"STRING","precision":128,"scale":0,"columnIndex":32,"isKey":false,"isExternalId":false,"isSfIdLookup":false,"isNullable":true,"isUnique":false,"isCreateable":true,"isUpdateable":true,"isFilterable":true,"isCalculated":false,"showLabel":true,"naturalOrder":32,"linkedFields":["TITLE"],"relatedInfos":[],"references":[]},{"@type":"field","id":18017347,"name":"Department","type":"string","uniqueName":"Department","label":"Department","parentObject":"Contact","pcType":"STRING","precision":80,"scale":0,"columnIndex":33,"isKey":false,"isExternalId":false,"isSfIdLookup":false,"isNullable":true,"isUnique":false,"isCreateable":true,"isUpdateable":true,"isFilterable":true,"isCalculated":false,"showLabel":true,"naturalOrder":33,"linkedFields":["DEPARTMENT"],"relatedInfos":[],"references":[]},{"@type":"field","id":18017350,"name":"AssistantName","type":"string","uniqueName":"AssistantName","label":"Assistant's Name","parentObject":"Contact","pcType":"STRING","precision":40,"scale":0,"columnIndex":34,"isKey":false,"isExternalId":false,"isSfIdLookup":false,"isNullable":true,"isUnique":false,"isCreateable":true,"isUpdateable":true,"isFilterable":true,"isCalculated":false,"showLabel":true,"naturalOrder":34,"linkedFields":["ASSISTANTNAME"],"relatedInfos":[],"references":[]},{"@type":"field","id":18017353,"name":"LeadSource","type":"picklist","uniqueName":"LeadSource","label":"Lead Source","parentObject":"Contact","pcType":"STRING","precision":40,"scale":0,"columnIndex":35,"isKey":false,"isExternalId":false,"isSfIdLookup":false,"isNullable":true,"isUnique":false,"isCreateable":true,"isUpdateable":true,"isFilterable":true,"isCalculated":false,"showLabel":true,"naturalOrder":35,"linkedFields":["LEADSOURCE"],"relatedInfos":[],"references":[]},{"@type":"field","id":18017356,"name":"Birthdate","type":"date","uniqueName":"Birthdate","label":"Birthdate","parentObject":"Contact","pcType":"DATE","precision":10,"scale":0,"columnIndex":36,"isKey":false,"isExternalId":false,"isSfIdLookup":false,"isNullable":true,"isUnique":false,"isCreateable":true,"isUpdateable":true,"isFilterable":true,"isCalculated":false,"showLabel":true,"naturalOrder":36,"linkedFields":["BIRTHDATE"],"relatedInfos":[],"references":[]},{"@type":"field","id":18017359,"name":"Description","type":"textarea","uniqueName":"Description","label":"Contact Description","parentObject":"Contact","pcType":"STRING","precision":32000,"scale":0,"columnIndex":37,"isKey":false,"isExternalId":false,"isSfIdLookup":false,"isNullable":true,"isUnique":false,"isCreateable":true,"isUpdateable":true,"isFilterable":false,"isCalculated":false,"showLabel":true,"naturalOrder":37,"linkedFields":[],"relatedInfos":[],"references":[]},{"@type":"field","id":18017362,"name":"OwnerId","type":"reference","uniqueName":"OwnerId","label":"Owner ID","parentObject":"Contact","pcType":"STRING","precision":18,"scale":0,"columnIndex":38,"isKey":false,"isExternalId":false,"isSfIdLookup":false,"isNullable":false,"isUnique":false,"isCreateable":true,"isUpdateable":true,"isFilterable":true,"isCalculated":false,"showLabel":true,"naturalOrder":38,"linkedFields":["OWNERID"],"relatedInfos":[{"@type":"fieldRelatedInfo","id":1388155,"referenceObject":"User","relationshipName":"Owner","referenceField":{"@type":"field","id":-1,"precision":0,"scale":0,"columnIndex":-1,"isKey":false,"isExternalId":false,"isSfIdLookup":false,"isNullable":true,"isUnique":false,"isCreateable":false,"isUpdateable":true,"isFilterable":true,"isCalculated":false,"showLabel":true,"naturalOrder":0,"linkedFields":[],"relatedInfos":[],"references":[]}}],"references":[]},{"@type":"field","id":18017365,"name":"CreatedDate","type":"datetime","uniqueName":"CreatedDate","label":"Created Date","parentObject":"Contact","pcType":"DATE","precision":24,"scale":0,"columnIndex":39,"isKey":false,"isExternalId":false,"isSfIdLookup":false,"isNullable":false,"isUnique":false,"isCreateable":false,"isUpdateable":false,"isFilterable":true,"isCalculated":false,"showLabel":true,"naturalOrder":39,"linkedFields":["CREATEDDATE"],"relatedInfos":[],"references":[]},{"@type":"field","id":18017368,"name":"CreatedById","type":"reference","uniqueName":"CreatedById","label":"Created By ID","parentObject":"Contact","pcType":"STRING","precision":18,"scale":0,"columnIndex":40,"isKey":false,"isExternalId":false,"isSfIdLookup":false,"isNullable":false,"isUnique":false,"isCreateable":false,"isUpdateable":false,"isFilterable":true,"isCalculated":false,"showLabel":true,"naturalOrder":40,"linkedFields":["CREATEDBYID"],"relatedInfos":[{"@type":"fieldRelatedInfo","id":1388158,"referenceObject":"User","relationshipName":"CreatedBy","referenceField":{"@type":"field","id":-1,"precision":0,"scale":0,"columnIndex":-1,"isKey":false,"isExternalId":false,"isSfIdLookup":false,"isNullable":true,"isUnique":false,"isCreateable":false,"isUpdateable":true,"isFilterable":true,"isCalculated":false,"showLabel":true,"naturalOrder":0,"linkedFields":[],"relatedInfos":[],"references":[]}}],"references":[]},{"@type":"field","id":18017371,"name":"LastModifiedDate","type":"datetime","uniqueName":"LastModifiedDate","label":"Last Modified Date","parentObject":"Contact","pcType":"DATE","precision":24,"scale":0,"columnIndex":41,"isKey":false,"isExternalId":false,"isSfIdLookup":false,"isNullable":false,"isUnique":false,"isCreateable":false,"isUpdateable":false,"isFilterable":true,"isCalculated":false,"showLabel":true,"naturalOrder":41,"linkedFields":["LASTMODIFIEDDATE"],"relatedInfos":[],"references":[]},{"@type":"field","id":18017374,"name":"LastModifiedById","type":"reference","uniqueName":"LastModifiedById","label":"Last Modified By ID","parentObject":"Contact","pcType":"STRING","precision":18,"scale":0,"columnIndex":42,"isKey":false,"isExternalId":false,"isSfIdLookup":false,"isNullable":false,"isUnique":false,"isCreateable":false,"isUpdateable":false,"isFilterable":true,"isCalculated":false,"showLabel":true,"naturalOrder":42,"linkedFields":["LASTMODIFIEDBYID"],"relatedInfos":[{"@type":"fieldRelatedInfo","id":1388161,"referenceObject":"User","relationshipName":"LastModifiedBy","referenceField":{"@type":"field","id":-1,"precision":0,"scale":0,"columnIndex":-1,"isKey":false,"isExternalId":false,"isSfIdLookup":false,"isNullable":true,"isUnique":false,"isCreateable":false,"isUpdateable":true,"isFilterable":true,"isCalculated":false,"showLabel":true,"naturalOrder":0,"linkedFields":[],"relatedInfos":[],"references":[]}}],"references":[]},{"@type":"field","id":18017377,"name":"SystemModstamp","type":"datetime","uniqueName":"SystemModstamp","label":"System Modstamp","parentObject":"Contact","pcType":"DATE","precision":24,"scale":0,"columnIndex":43,"isKey":false,"isExternalId":false,"isSfIdLookup":false,"isNullable":false,"isUnique":false,"isCreateable":false,"isUpdateable":false,"isFilterable":true,"isCalculated":false,"showLabel":true,"naturalOrder":43,"linkedFields":["SYSTEMMODSTAMP"],"relatedInfos":[],"references":[]},{"@type":"field","id":18017380,"name":"LastActivityDate","type":"date","uniqueName":"LastActivityDate","label":"Last Activity","parentObject":"Contact","pcType":"DATE","precision":10,"scale":0,"columnIndex":44,"isKey":false,"isExternalId":false,"isSfIdLookup":false,"isNullable":true,"isUnique":false,"isCreateable":false,"isUpdateable":false,"isFilterable":true,"isCalculated":false,"showLabel":true,"naturalOrder":44,"linkedFields":["LASTACTIVITYDATE"],"relatedInfos":[],"references":[]},{"@type":"field","id":18017383,"name":"LastCURequestDate","type":"datetime","uniqueName":"LastCURequestDate","label":"Last Stay-in-Touch Request Date","parentObject":"Contact","pcType":"DATE","precision":24,"scale":0,"columnIndex":45,"isKey":false,"isExternalId":false,"isSfIdLookup":false,"isNullable":true,"isUnique":false,"isCreateable":false,"isUpdateable":false,"isFilterable":true,"isCalculated":false,"showLabel":true,"naturalOrder":45,"linkedFields":["LASTCUREQUESTDATE"],"relatedInfos":[],"references":[]},{"@type":"field","id":18017386,"name":"LastCUUpdateDate","type":"datetime","uniqueName":"LastCUUpdateDate","label":"Last Stay-in-Touch Save Date","parentObject":"Contact","pcType":"DATE","precision":24,"scale":0,"columnIndex":46,"isKey":false,"isExternalId":false,"isSfIdLookup":false,"isNullable":true,"isUnique":false,"isCreateable":false,"isUpdateable":false,"isFilterable":true,"isCalculated":false,"showLabel":true,"naturalOrder":46,"linkedFields":["LASTCUUPDATEDATE"],"relatedInfos":[],"references":[]},{"@type":"field","id":18017389,"name":"LastViewedDate","type":"datetime","uniqueName":"LastViewedDate","label":"Last Viewed Date","parentObject":"Contact","pcType":"DATE","precision":24,"scale":0,"columnIndex":47,"isKey":false,"isExternalId":false,"isSfIdLookup":false,"isNullable":true,"isUnique":false,"isCreateable":false,"isUpdateable":false,"isFilterable":true,"isCalculated":false,"showLabel":true,"naturalOrder":47,"linkedFields":["LASTVIEWEDDATE"],"relatedInfos":[],"references":[]},{"@type":"field","id":18017392,"name":"LastReferencedDate","type":"datetime","uniqueName":"LastReferencedDate","label":"Last Referenced Date","parentObject":"Contact","pcType":"DATE","precision":24,"scale":0,"columnIndex":48,"isKey":false,"isExternalId":false,"isSfIdLookup":false,"isNullable":true,"isUnique":false,"isCreateable":false,"isUpdateable":false,"isFilterable":true,"isCalculated":false,"showLabel":true,"naturalOrder":48,"linkedFields":["LASTREFERENCEDDATE"],"relatedInfos":[],"references":[]},{"@type":"field","id":18017395,"name":"EmailBouncedReason","type":"string","uniqueName":"EmailBouncedReason","label":"Email Bounced Reason","parentObject":"Contact","pcType":"STRING","precision":255,"scale":0,"columnIndex":49,"isKey":false,"isExternalId":false,"isSfIdLookup":false,"isNullable":true,"isUnique":false,"isCreateable":true,"isUpdateable":true,"isFilterable":true,"isCalculated":false,"showLabel":true,"naturalOrder":49,"linkedFields":["EMAILBOUNCEDREASON"],"relatedInfos":[],"references":[]},{"@type":"field","id":18017398,"name":"EmailBouncedDate","type":"datetime","uniqueName":"EmailBouncedDate","label":"Email Bounced Date","parentObject":"Contact","pcType":"DATE","precision":24,"scale":0,"columnIndex":50,"isKey":false,"isExternalId":false,"isSfIdLookup":false,"isNullable":true,"isUnique":false,"isCreateable":true,"isUpdateable":true,"isFilterable":true,"isCalculated":false,"showLabel":true,"naturalOrder":50,"linkedFields":["EMAILBOUNCEDDATE"],"relatedInfos":[],"references":[]},{"@type":"field","id":18017401,"name":"IsEmailBounced","type":"boolean","uniqueName":"IsEmailBounced","label":"Is Email Bounced","parentObject":"Contact","pcType":"INT","precision":10,"scale":0,"columnIndex":51,"isKey":false,"isExternalId":false,"isSfIdLookup":false,"isNullable":false,"isUnique":false,"isCreateable":false,"isUpdateable":false,"isFilterable":true,"isCalculated":false,"showLabel":true,"naturalOrder":51,"linkedFields":["ISEMAILBOUNCED"],"relatedInfos":[],"references":[]},{"@type":"field","id":18017404,"name":"PhotoUrl","type":"url","uniqueName":"PhotoUrl","label":"Photo URL","parentObject":"Contact","pcType":"STRING","precision":255,"scale":0,"columnIndex":52,"isKey":false,"isExternalId":false,"isSfIdLookup":false,"isNullable":true,"isUnique":false,"isCreateable":false,"isUpdateable":false,"isFilterable":true,"isCalculated":false,"showLabel":true,"naturalOrder":52,"linkedFields":["PHOTOURL"],"relatedInfos":[],"references":[]},{"@type":"field","id":18017407,"name":"Jigsaw","type":"string","uniqueName":"Jigsaw","label":"Data.com Key","parentObject":"Contact","pcType":"STRING","precision":20,"scale":0,"columnIndex":53,"isKey":false,"isExternalId":false,"isSfIdLookup":false,"isNullable":true,"isUnique":false,"isCreateable":true,"isUpdateable":true,"isFilterable":true,"isCalculated":false,"showLabel":true,"naturalOrder":53,"linkedFields":["JIGSAW"],"relatedInfos":[],"references":[]},{"@type":"field","id":18017410,"name":"JigsawContactId","type":"string","uniqueName":"JigsawContactId","label":"Jigsaw Contact ID","parentObject":"Contact","pcType":"STRING","precision":20,"scale":0,"columnIndex":54,"isKey":false,"isExternalId":false,"isSfIdLookup":false,"isNullable":true,"isUnique":false,"isCreateable":false,"isUpdateable":false,"isFilterable":true,"isCalculated":false,"showLabel":true,"naturalOrder":54,"linkedFields":["JIGSAWCONTACTID"],"relatedInfos":[],"references":[]},{"@type":"field","id":18017413,"name":"CleanStatus","type":"picklist","uniqueName":"CleanStatus","label":"Clean Status","parentObject":"Contact","pcType":"STRING","precision":40,"scale":0,"columnIndex":55,"isKey":false,"isExternalId":false,"isSfIdLookup":false,"isNullable":true,"isUnique":false,"isCreateable":true,"isUpdateable":true,"isFilterable":true,"isCalculated":false,"showLabel":true,"naturalOrder":55,"linkedFields":["CLEANSTATUS"],"relatedInfos":[],"references":[]},{"@type":"field","id":18017416,"name":"Level__c","type":"picklist","uniqueName":"Level__c","label":"Level","parentObject":"Contact","pcType":"STRING","precision":255,"scale":0,"columnIndex":56,"isKey":false,"isExternalId":false,"isSfIdLookup":false,"isNullable":true,"isUnique":false,"isCreateable":true,"isUpdateable":true,"isFilterable":true,"isCalculated":false,"showLabel":true,"naturalOrder":56,"linkedFields":["LEVEL__C"],"relatedInfos":[],"references":[]},{"@type":"field","id":18017419,"name":"Languages__c","type":"string","uniqueName":"Languages__c","label":"Languages","parentObject":"Contact","pcType":"STRING","precision":100,"scale":0,"columnIndex":57,"isKey":false,"isExternalId":false,"isSfIdLookup":false,"isNullable":true,"isUnique":false,"isCreateable":true,"isUpdateable":true,"isFilterable":true,"isCalculated":false,"showLabel":true,"naturalOrder":57,"linkedFields":["LANGUAGES__C"],"relatedInfos":[],"references":[]}],"sortFields":[],"groupFields":[]}]