[{"@type":"fwConfig","id":"@1","name":"Fixed-Width File Format1","description":"","lineSequential":true,"padBytes":0,"skipRows":0,"nullChar":"*","nullCharType":"ASCII","repeatNullChar":false,"stripTrailingBlank":false,"columns":[{"@type":"fwColumn","name":"COLUMN_0","nativeType":"string","precision":7,"physicalLength":0,"scale":0},{"@type":"fwColumn","name":"COLUMN_1","nativeType":"string","precision":9,"physicalLength":0,"scale":0},{"@type":"fwColumn","name":"COLUMN_2","nativeType":"string","precision":11,"physicalLength":0,"scale":0},{"@type":"fwColumn","name":"COLUMN_3","nativeType":"string","precision":6,"physicalLength":0,"scale":0},{"@type":"fwColumn","name":"COLUMN_4","nativeType":"string","precision":13,"physicalLength":0,"scale":0},{"@type":"fwColumn","name":"COLUMN_5","nativeType":"string","precision":5,"physicalLength":0,"scale":0},{"@type":"fwColumn","name":"COLUMN_6","nativeType":"string","precision":8,"physicalLength":0,"scale":0},{"@type":"fwColumn","name":"COLUMN_7","nativeType":"string","precision":9,"physicalLength":0,"scale":0}]}]