[{"@type":"mtTask","id":"@1","name":"mt_Subquery_Oracle_to_S3","description":"","runtimeEnvironmentId":"@1m3D66AQIdUjR35xI5VVC3","maxLogs":10,"verbose":false,"mappingId":"@2zptCFiLaongbv83pzbDiz","shortDescription":"","sessionProperties":{},"enableCrossSchemaPushdown":true,"parameters":[{"@type":"mtTaskParameter","id":18857512,"name":"$PRODUCT_AFFILIATION$","type":"EXTENDED_SOURCE","label":"PRODUCT_AFFILIATION","uiProperties":{"connectionParameterized":"false","isMsrcFilterParameterized":"false","isMsrcSortParameterized":"false","objectParameterized":"false","visible":"false"},"sourceConnectionId":"@5m46AqsOygpbOay4Ui5zY3","newFlatFile":false,"newObject":false,"showBusinessNames":false,"naturalOrder":true,"truncateTarget":false,"bulkApiDBTarget":false,"customFuncCfg":{"@type":"customFuncConfig","id":-1,"connections":[],"inputMap":[],"outputFields":[]},"tgtFieldRefs":{},"targetUpdateColumns":[],"extendedObject":{"@type":"extendedObject","object":{"@type":"mObject","name":"PRODUCT_AFFILIATION","label":"PRODUCT_AFFILIATION","metadataUpdated":false,"relations":[],"children":[]},"filters":[],"sortFields":[]},"runtimeAttrs":{},"isRESTModernSource":true,"isFileList":false,"handleSpecialChars":false,"frsAsset":false,"tgtObjectAttributes":{},"runtimeParameterData":{"@type":"mtTaskRuntimeParameterData","isConnectionRuntimeParameter":false,"isObjectRuntimeParameter":false},"overriddenFields":[]},{"@type":"mtTaskParameter","id":18857515,"name":"$Subquery$","type":"SOURCE","label":"Subquery","uiProperties":{"connectionParameterized":"false","objectParameterized":"false","visible":"false"},"sourceConnectionId":"@5m46AqsOygpbOay4Ui5zY3","sourceObject":"DUMMY_Subquery","newFlatFile":false,"newObject":false,"showBusinessNames":false,"naturalOrder":true,"truncateTarget":false,"bulkApiDBTarget":false,"customFuncCfg":{"@type":"customFuncConfig","id":-1,"connections":[],"inputMap":[],"outputFields":[]},"tgtFieldRefs":{},"targetUpdateColumns":[],"runtimeAttrs":{},"isRESTModernSource":true,"customQuery":"SELECT kf_parent_gen_id kf_parent_gen_id,\n              d.product_generated_identifier DEPARTMENT_GENERATED_ID,\n              d.product_source_identifier DEPARTMENT_SOURCE_IDENTIFIER,\n              d.product_description DEPARTMENT_DESCRIPTION,\n              md.product_generated_identifier MINOR_DEPARTMENT_GENERATED_ID,\n              md.product_source_identifier MINOR_DEPARTMENT_SOURCE_ID,\n              md.product_description MINOR_DEPARTMENT_DESCRIPTION,\n              family_gen_id FAMILY_GENERATED_IDENTIFIER,\n              family_src_id FAMILY_SOURCE_IDENTIFIER,\n              family_desc FAMILY_DESCRIPTION,\n              class_gen_id CLASS_GENERATED_IDENTIFIER,\n              class_src_id CLASS_SOURCE_IDENTIFIER,\n              class_desc CLASS_DESCRIPTION,\n              sub_class_gen_id SUB_CLASS_GENERATED_ID ,\n              sub_class_src_id SUB_CLASS_SOURCE_IDENTIFIER ,\n              sub_class_desc SUB_CLASS_DESCRIPTION ,\n              sub_sub_class_gen_id SUB_SUB_CLASS_GENERATED_ID ,\n              sub_sub_class_desc SUB_SUB_CLASS_DESCRIPTION,\n              sub_sub_class_src_id SUB_SUB_CLASS_SOURCE_ID\n       FROM  (SELECT ssc2.product_generated_identifier kf_parent_gen_id,\n                     f2.product_generated_identifier family_gen_id,\n                     f2.product_source_identifier family_src_id,\n                     f2.product_description family_desc,\n                     c2.product_generated_identifier class_gen_id,\n                     c2.product_source_identifier class_src_id,\n                     c2.product_description class_desc,\n                     sc2.product_generated_identifier sub_class_gen_id,\n                     sc2.product_source_identifier sub_class_src_id,\n                     sc2.product_description sub_class_desc,\n                     ssc2.product_generated_identifier sub_sub_class_gen_id,\n                     ssc2.product_source_identifier sub_sub_class_src_id,\n                     ssc2.product_description sub_sub_class_desc\n              FROM product ssc2, --sub sub class\n                   product_affiliation sscsc2,\n                   product sc2, --sub class\n                   product_affiliation scc2,\n                   product c2, --class\n                   product_affiliation cf2,\n                   product f2 --family\n              WHERE ssc2.product_level_code = '16'\n              AND to_date('$$date','dd-mon-yyyy') BETWEEN ssc2.effective_date AND ssc2.expiry_date\n              AND sscsc2.product_affiliation_type_code='FTR'\n              AND to_date('$$date','dd-mon-yyyy') BETWEEN sscsc2.effective_date AND sscsc2.expiry_date\n              AND sscsc2.product_generated_identifier = ssc2.product_generated_identifier\n              AND to_date('$$date','dd-mon-yyyy') BETWEEN sc2.effective_date AND sc2.expiry_date\n              AND sc2.product_generated_identifier  = sscsc2.parent_product_generated_id\n              AND scc2.product_affiliation_type_code='FTR'\n              AND to_date('$$date','dd-mon-yyyy') BETWEEN scc2.effective_date AND scc2.expiry_date\n              AND scc2.product_generated_identifier = sc2.product_generated_identifier\n              AND to_date('$$date','dd-mon-yyyy') BETWEEN c2.effective_date AND c2.expiry_date\n              AND c2.product_generated_identifier = scc2.parent_product_generated_id\n              AND to_date('$$date','dd-mon-yyyy') BETWEEN cf2.effective_date AND cf2.expiry_date\n              AND c2.product_generated_identifier = cf2.product_generated_identifier\n              AND to_date('$$date','dd-mon-yyyy') BETWEEN f2.effective_date AND f2.expiry_date\n              AND f2.product_generated_identifier = cf2.parent_product_generated_id\n              UNION ALL\n              SELECT sc1.product_generated_identifier kf_parent_gen_id,\n                     f1.product_generated_identifier family_gen_id,\n                     f1.product_source_identifier family_src_id,\n                     f1.product_description family_desc,\n                     c1.product_generated_identifier class_gen_id,\n                     c1.product_source_identifier class_src_id,\n                     c1.product_description class_desc,\n                     sc1.product_generated_identifier sub_class_gen_id,\n                     sc1.product_source_identifier sub_class_src_id,\n                     sc1.product_description sub_class_desc,\n                     NULL sub_sub_class_gen_id,\n                     NULL sub_sub_class_src_id,\n                     NULL sub_sub_class_desc\n              FROM product sc1, --sub class\n                   product_affiliation scc1,\n                   product c1, --class\n                   product_affiliation cf1,\n                   product f1 --family\n              WHERE sc1.product_level_code = '15'\n              AND to_date('$$date','dd-mon-yyyy') BETWEEN sc1.effective_date AND sc1.expiry_date\n              AND scc1.product_affiliation_type_code='FTR'\n              AND to_date('$$date','dd-mon-yyyy') BETWEEN scc1.effective_date AND scc1.expiry_date\n              AND scc1.product_generated_identifier = sc1.product_generated_identifier\n              AND to_date('$$date','dd-mon-yyyy') BETWEEN c1.effective_date AND c1.expiry_date\n              AND c1.product_generated_identifier = scc1.parent_product_generated_id\n              AND to_date('$$date','dd-mon-yyyy') BETWEEN cf1.effective_date AND cf1.expiry_date\n              AND c1.product_generated_identifier = cf1.product_generated_identifier\n              AND to_date('$$date','dd-mon-yyyy') BETWEEN f1.effective_date AND f1.expiry_date\n              AND f1.product_generated_identifier = cf1.parent_product_generated_id\n              UNION ALL\n              SELECT c.product_generated_identifier kf_parent_gen_id,\n                     f0.product_generated_identifier family_gen_id,\n                     f0.product_source_identifier family_src_id,\n                     f0.product_description family_desc,\n                     c.product_generated_identifier class_gen_id,\n                     c.product_source_identifier class_src_id,\n                     c.product_description class_desc,\n                     NULL sub_class_gen_id,\n                     NULL sub_class_src_id,\n                     NULL sub_class_desc,\n                     NULL sub_sub_class_gen_id,\n                     NULL sub_sub_class_src_id,\n                     NULL sub_sub_class_desc\n              FROM product c, --class\n                   product_affiliation cf,\n                   product f0 --family\n              WHERE c.product_level_code = '14'\n              AND to_date('$$date','dd-mon-yyyy') BETWEEN c.effective_date AND c.expiry_date\n              AND cf.product_affiliation_type_code='FTR'\n              AND to_date('$$date','dd-mon-yyyy') BETWEEN cf.effective_date AND cf.expiry_date\n              AND c.product_generated_identifier = cf.product_generated_identifier\n              AND to_date('$$date','dd-mon-yyyy') BETWEEN f0.effective_date AND f0.expiry_date\n              AND f0.product_generated_identifier = cf.parent_product_generated_id\n              UNION ALL\n              SELECT f.product_generated_identifier kf_parent_gen_id,\n                     f.product_generated_identifier family_gen_id,\n                     f.product_source_identifier family_src_id,\n                     f.product_description family_desc,\n                     NULL class_gen_id,\n                     NULL class_src_id,\n                     NULL class_desc,\n                     NULL sub_class_gen_id,\n                     NULL sub_class_src_id,\n                     NULL sub_class_desc,\n                     NULL sub_sub_class_gen_id,\n                     NULL sub_sub_class_src_id,\n                     NULL sub_sub_class_desc\n              FROM product f --family\n              WHERE f.product_level_code = '13'\n              AND to_date('$$date','dd-mon-yyyy') BETWEEN f.effective_date AND f.expiry_date\n              ) cc,\n              product_affiliation fmd,\n              product md,\n              product_affiliation mdd,\n              product d\n       WHERE fmd.product_generated_identifier = cc.family_gen_id\n       AND fmd.product_affiliation_type_code  ='FTR'\n       AND to_date('$$date','dd-mon-yyyy') BETWEEN fmd.effective_date AND fmd.expiry_date\n       AND md.product_generated_identifier = fmd.parent_product_generated_id\n       AND to_date('$$date','dd-mon-yyyy') BETWEEN md.effective_date AND md.expiry_date\n       AND mdd.product_generated_identifier = md.product_generated_identifier\n       AND mdd.product_affiliation_type_code='FTR'\n       AND to_date('$$date','dd-mon-yyyy') BETWEEN mdd.effective_date AND mdd.expiry_date\n       AND d.product_generated_identifier = mdd.parent_product_generated_id\n       AND to_date('$$date','dd-mon-yyyy') BETWEEN d.effective_date AND d.expiry_date\n  UNION\n      SELECT cl.product_generated_identifier ,\n             d.product_generated_identifier ,\n             d.product_source_identifier ,\n             d.product_description ,\n             md.product_generated_identifier ,\n             md.product_source_identifier ,\n             md.product_description ,\n             fa.product_generated_identifier ,\n             fa.product_source_identifier ,\n             fa.product_description ,\n             cl.product_generated_identifier ,\n             cl.product_source_identifier ,\n             cl.product_description ,\n             NULL sub_class_gen_id,\n             NULL sub_class_src_id,\n             NULL sub_class_desc,\n             NULL sub_sub_class_gen_id,\n             NULL sub_sub_class_src_id,\n             NULL sub_sub_class_desc\n      FROM product cl ,\n           product fa ,\n           product md ,\n           product d\n      WHERE SUBSTR(cl.product_source_identifier,4,9) = '999999001'\n      AND cl.product_level_code                      = '14'\n      AND to_date('$$date','dd-mon-yyyy') BETWEEN cl.effective_date AND cl.expiry_date\n      AND fa.product_source_identifier = SUBSTR(cl.product_source_identifier,1,9)\n      AND fa.product_level_code        = '13'\n      AND to_date('$$date','dd-mon-yyyy') BETWEEN fa.effective_date AND fa.expiry_date\n      AND md.product_source_identifier = SUBSTR(cl.product_source_identifier,1,6)\n      AND md.product_level_code        = '12'\n      AND to_date('$$date','dd-mon-yyyy') BETWEEN md.effective_date AND md.expiry_date\n      AND d.product_source_identifier = SUBSTR(cl.product_source_identifier,1,3)\n      AND d.product_level_code        = '04'\n      AND to_date('$$date','dd-mon-yyyy') BETWEEN d.effective_date AND d.expiry_date","isFileList":false,"handleSpecialChars":false,"frsAsset":false,"tgtObjectAttributes":{},"runtimeParameterData":{"@type":"mtTaskRuntimeParameterData","isConnectionRuntimeParameter":false,"isObjectRuntimeParameter":false},"overriddenFields":[]},{"@type":"mtTaskParameter","id":18857518,"name":"$S3_Product$","type":"TARGET","label":"S3_Product","uiProperties":{"connectionParameterized":"false","objectParameterized":"false","visible":"false","defaultTargetUpdateColumns":""},"targetConnectionId":"@6MKJLDxZWqUgwTkEW1GPIu","targetObject":"product","targetObjectLabel":"product","newFlatFile":false,"newObject":true,"showBusinessNames":false,"naturalOrder":true,"newObjectName":"product","truncateTarget":false,"bulkApiDBTarget":false,"operationType":"Insert","customFuncCfg":{"@type":"customFuncConfig","id":-1,"connections":[],"inputMap":[],"outputFields":[]},"tgtFieldRefs":{},"targetUpdateColumns":[],"extendedObject":{"@type":"extendedObject","filters":[],"sortFields":[]},"runtimeAttrs":{},"isRESTModernSource":true,"isFileList":false,"handleSpecialChars":false,"frsAsset":false,"tgtObjectAttributes":{},"runtimeParameterData":{"@type":"mtTaskRuntimeParameterData","isConnectionRuntimeParameter":false,"isObjectRuntimeParameter":false},"overriddenFields":[]}],"sequences":[],"inOutParameters":[],"connRuntimeAttrs":[]}]