[{"@type":"mappingTemplate","id":"@1","name":"m_Zips_Json_Parsing_IIS_Redshift","description":"Purpose: Demonstrate how to use an Intelligent Structure Model to parse a JSON file. The source is Flat File and the target is AWS Redshift. \nReset Required: No\nEnvironment Scheduling Required: No\n","bundleVersion":"0","templateId":"@3","deployTime":1568077319000,"hasParameters":false,"valid":true,"fixedConnection":true,"hasParametersDeployed":false,"fixedConnectionDeployed":true,"tasks":0,"mappingPreviewFileRecordId":"@2","documentType":"","references":[{"@type":"reference","refObjectId":"@ejvwyk7D4ScicndQryjMmn","refType":"structureDefinition"},{"@type":"reference","refObjectId":"@hUC0JBjwsEKiDOaWoVJ2CO","refType":"connection"},{"@type":"reference","refObjectId":"@4tHZC7u8MbRgc5T5MR6wYE","refType":"connection"}]}]