[{"@type":"mappingTemplate","id":"@1","name":"Mapping_DEMO_CICD_new","description":"#003 the name is changed back to original (new) for demo CICD in CDI - #003 and added an Expression as demo","bundleVersion":"0","templateId":"@3","deployTime":1616040229000,"hasParameters":false,"valid":true,"fixedConnection":true,"hasParametersDeployed":false,"fixedConnectionDeployed":true,"tasks":0,"mappingPreviewFileRecordId":"@2","documentType":"","references":[{"@type":"reference","refObjectId":"@gB7dJhK8wqPiiviPMq7D6L","refType":"connection"},{"@type":"reference","refObjectId":"@hUC0JBjwsEKiDOaWoVJ2CO","refType":"connection"}]}]