[{"@type":"mappingTemplate","id":"@1","name":"Mapping_DEMO_CICD_new_changedname","description":"the name is changed (new_changedname) for demo CICD in CDI","bundleVersion":"0","templateId":"@3","deployTime":1616039266000,"hasParameters":false,"valid":true,"fixedConnection":true,"hasParametersDeployed":false,"fixedConnectionDeployed":true,"tasks":0,"mappingPreviewFileRecordId":"@2","documentType":"","references":[{"@type":"reference","refObjectId":"@gB7dJhK8wqPiiviPMq7D6L","refType":"connection"},{"@type":"reference","refObjectId":"@hUC0JBjwsEKiDOaWoVJ2CO","refType":"connection"}]}]