[{"@type":"mappingTemplate","id":"@1","name":"m_Subquery_Oracle_to_S3","description":"Purpose: Demonstrate how to easily use queries in your source objects. Source is Oracle and target is AWS S3\nReset Required: Select the checkbox Truncate Target Table before execution (Mapping Task - Target - Advanced )\nEnvironment Scheduling Required: No.\n\n\n","bundleVersion":"0","templateId":"@3","deployTime":1613607572000,"hasParameters":false,"valid":true,"fixedConnection":true,"hasParametersDeployed":false,"fixedConnectionDeployed":true,"tasks":1,"mappingPreviewFileRecordId":"@2","documentType":"","references":[{"@type":"reference","refObjectId":"@5m46AqsOygpbOay4Ui5zY3","refType":"connection"},{"@type":"reference","refObjectId":"@6MKJLDxZWqUgwTkEW1GPIu","refType":"connection"}]}]