[{"@type":"dssTask","id":"@1","name":"ds_Salesforce_Account_to_Redshift","description":"Data Synchronisation Task from Salesforce to Amazon Redshift","maxLogs":10,"sourceConnectionId":"@4G3u3iJGm5WggJCvGHlhIl","targetConnectionId":"@4tHZC7u8MbRgc5T5MR6wYE","targetObject":"sf_account","targetObjectLabel":"sf_account","operation":"Insert","maxRows":0,"truncateTarget":false,"bulkApiDBTarget":false,"verbose":false,"srcFlatFileAttrs":{"@type":"flatFileAttrs","id":2911558,"delimiter":",","textQualifier":"\"","escapeChar":"","headerLineNo":1,"firstDataRow":2},"targetMetadataUpdated":false,"modelVersion":"V3-R600","queryAll":false,"srcSettings":{"@type":"taskDataSourceSetting","isShowLabels":false,"isNaturalOrder":true},"tgtSettings":{"@type":"taskDataSourceSetting","isShowLabels":true,"isNaturalOrder":true},"cfSettings":{"@type":"taskDataSourceSetting","isShowLabels":false,"isNaturalOrder":true},"bulkApi":false,"bulkApiSerialMode":false,"bulkApiMonitor":false,"isTargetObjectSfCustom":false,"allowNullUpdates":false,"targetBatchSize":200,"assignmentRuleId":"-1","assignmentRuleType":"None","createSuccessFile":false,"bulkApiHardDelete":false,"srcRuntimeAttrs":{"@type":"taskRuntimeAttrs","attrs":{"PK Chunking size":"100000","Enable PK Chunking":"0","PK Chunking startRow ID":""}},"tgtRuntimeAttrs":{"@type":"taskRuntimeAttrs","attrs":{"S3 Bucket Name":"cloudintegration","CopyOptions Property File":"DELIMITER=\\036\nQUOTE=\\037\nACCEPTINVCHARS=?\nCOMPUPDATE=OFF\nAWS_IAM_ROLE=","Pre-sql":"","Turn on S3 Client Side Encryption":"0","Post-sql":"","Enable Compression":"1","Turn on S3 Server Side Encryption":"0","Max Redshift Errors per Upload Batch for INSERT":"1","Error File Directory":"","TransferManager Thread Pool Size":"10","Staging Directory Location":"","Truncate Target Table Before Data Load":"0","Analyze Target Table":"0","Prefix for Retaining Staging files on S3":"","Wait time in seconds for file consistency on S3":"1","Batch Size":"2000000","Part Size":"5242880","Null value for CHAR and VARCHAR data types":"","Target Table Name":"","Number of files per batch":"","Success File Directory":"","Vacuum Target Table":"None"}},"parameterFileEncoding":"UTF-8","sourceObjects":[{"@type":"mObject","name":"Account","label":"Account","metadataUpdated":false,"relations":[],"children":[]}],"advancedFilters":[],"filters":[{"@type":"filter","objectName":"Account","objectLabel":"Account","field":"BillingCountry","fieldLabel":"Billing Country","type":"STRING","operator":"equals","value":"Australia"}],"fieldMaps":[{"@type":"fieldMap","id":"5743873","targetField":{"@type":"field","id":16391521,"name":"id","type":"varchar","uniqueName":"id","label":"id","parentObject":"sf_account","pcType":"NSTRING","precision":36,"scale":0,"columnIndex":-1,"isKey":false,"isExternalId":false,"isSfIdLookup":false,"isNullable":true,"isUnique":false,"isCreateable":false,"isUpdateable":true,"isFilterable":true,"isCalculated":false,"javaType":"java.lang.String","showLabel":true,"naturalOrder":0,"linkedFields":["Id"],"relatedInfos":[],"references":[]},"expression":"Id"},{"@type":"fieldMap","id":"5743876","targetField":{"@type":"field","id":16391524,"name":"isdeleted","type":"float8","uniqueName":"isdeleted","label":"isdeleted","parentObject":"sf_account","pcType":"DOUBLE","precision":17,"scale":17,"columnIndex":-1,"isKey":false,"isExternalId":false,"isSfIdLookup":false,"isNullable":true,"isUnique":false,"isCreateable":false,"isUpdateable":true,"isFilterable":true,"isCalculated":false,"javaType":"java.lang.Double","showLabel":true,"naturalOrder":1,"linkedFields":["IsDeleted"],"relatedInfos":[],"references":[]},"expression":"IsDeleted"},{"@type":"fieldMap","id":"5743879","targetField":{"@type":"field","id":16391527,"name":"masterrecordid","type":"varchar","uniqueName":"masterrecordid","label":"masterrecordid","parentObject":"sf_account","pcType":"NSTRING","precision":36,"scale":0,"columnIndex":-1,"isKey":false,"isExternalId":false,"isSfIdLookup":false,"isNullable":true,"isUnique":false,"isCreateable":false,"isUpdateable":true,"isFilterable":true,"isCalculated":false,"javaType":"java.lang.String","showLabel":true,"naturalOrder":2,"linkedFields":["MasterRecordId"],"relatedInfos":[],"references":[]},"expression":"MasterRecordId"},{"@type":"fieldMap","id":"5743882","targetField":{"@type":"field","id":16391530,"name":"name","type":"varchar","uniqueName":"name","label":"name","parentObject":"sf_account","pcType":"NSTRING","precision":510,"scale":0,"columnIndex":-1,"isKey":false,"isExternalId":false,"isSfIdLookup":false,"isNullable":true,"isUnique":false,"isCreateable":false,"isUpdateable":true,"isFilterable":true,"isCalculated":false,"javaType":"java.lang.String","showLabel":true,"naturalOrder":3,"linkedFields":["Name"],"relatedInfos":[],"references":[]},"expression":"Name"},{"@type":"fieldMap","id":"5743885","targetField":{"@type":"field","id":16391533,"name":"type","type":"varchar","uniqueName":"type","label":"type","parentObject":"sf_account","pcType":"NSTRING","precision":80,"scale":0,"columnIndex":-1,"isKey":false,"isExternalId":false,"isSfIdLookup":false,"isNullable":true,"isUnique":false,"isCreateable":false,"isUpdateable":true,"isFilterable":true,"isCalculated":false,"javaType":"java.lang.String","showLabel":true,"naturalOrder":4,"linkedFields":["Type"],"relatedInfos":[],"references":[]},"expression":"Type"},{"@type":"fieldMap","id":"5743888","targetField":{"@type":"field","id":16391536,"name":"parentid","type":"varchar","uniqueName":"parentid","label":"parentid","parentObject":"sf_account","pcType":"NSTRING","precision":36,"scale":0,"columnIndex":-1,"isKey":false,"isExternalId":false,"isSfIdLookup":false,"isNullable":true,"isUnique":false,"isCreateable":false,"isUpdateable":true,"isFilterable":true,"isCalculated":false,"javaType":"java.lang.String","showLabel":true,"naturalOrder":5,"linkedFields":["ParentId"],"relatedInfos":[],"references":[]},"expression":"ParentId"},{"@type":"fieldMap","id":"5743891","targetField":{"@type":"field","id":16391539,"name":"billingstreet","type":"varchar","uniqueName":"billingstreet","label":"billingstreet","parentObject":"sf_account","pcType":"NSTRING","precision":510,"scale":0,"columnIndex":-1,"isKey":false,"isExternalId":false,"isSfIdLookup":false,"isNullable":true,"isUnique":false,"isCreateable":false,"isUpdateable":true,"isFilterable":true,"isCalculated":false,"javaType":"java.lang.String","showLabel":true,"naturalOrder":6,"linkedFields":["BillingStreet"],"relatedInfos":[],"references":[]},"expression":"BillingStreet"},{"@type":"fieldMap","id":"5743894","targetField":{"@type":"field","id":16391542,"name":"billingcity","type":"varchar","uniqueName":"billingcity","label":"billingcity","parentObject":"sf_account","pcType":"NSTRING","precision":80,"scale":0,"columnIndex":-1,"isKey":false,"isExternalId":false,"isSfIdLookup":false,"isNullable":true,"isUnique":false,"isCreateable":false,"isUpdateable":true,"isFilterable":true,"isCalculated":false,"javaType":"java.lang.String","showLabel":true,"naturalOrder":7,"linkedFields":["BillingCity"],"relatedInfos":[],"references":[]},"expression":"BillingCity"},{"@type":"fieldMap","id":"5743897","targetField":{"@type":"field","id":16391545,"name":"billingstate","type":"varchar","uniqueName":"billingstate","label":"billingstate","parentObject":"sf_account","pcType":"NSTRING","precision":160,"scale":0,"columnIndex":-1,"isKey":false,"isExternalId":false,"isSfIdLookup":false,"isNullable":true,"isUnique":false,"isCreateable":false,"isUpdateable":true,"isFilterable":true,"isCalculated":false,"javaType":"java.lang.String","showLabel":true,"naturalOrder":8,"linkedFields":["BillingState"],"relatedInfos":[],"references":[]},"expression":"BillingState"},{"@type":"fieldMap","id":"5743900","targetField":{"@type":"field","id":16391548,"name":"billingpostalcode","type":"varchar","uniqueName":"billingpostalcode","label":"billingpostalcode","parentObject":"sf_account","pcType":"NSTRING","precision":40,"scale":0,"columnIndex":-1,"isKey":false,"isExternalId":false,"isSfIdLookup":false,"isNullable":true,"isUnique":false,"isCreateable":false,"isUpdateable":true,"isFilterable":true,"isCalculated":false,"javaType":"java.lang.String","showLabel":true,"naturalOrder":9,"linkedFields":["BillingPostalCode"],"relatedInfos":[],"references":[]},"expression":"BillingPostalCode"},{"@type":"fieldMap","id":"5743903","targetField":{"@type":"field","id":16391551,"name":"billingcountry","type":"varchar","uniqueName":"billingcountry","label":"billingcountry","parentObject":"sf_account","pcType":"NSTRING","precision":160,"scale":0,"columnIndex":-1,"isKey":false,"isExternalId":false,"isSfIdLookup":false,"isNullable":true,"isUnique":false,"isCreateable":false,"isUpdateable":true,"isFilterable":true,"isCalculated":false,"javaType":"java.lang.String","showLabel":true,"naturalOrder":10,"linkedFields":["BillingCountry"],"relatedInfos":[],"references":[]},"expression":"BillingCountry"},{"@type":"fieldMap","id":"5743906","targetField":{"@type":"field","id":16391554,"name":"billinglatitude","type":"numeric","uniqueName":"billinglatitude","label":"billinglatitude","parentObject":"sf_account","pcType":"DECIMAL","precision":18,"scale":15,"columnIndex":-1,"isKey":false,"isExternalId":false,"isSfIdLookup":false,"isNullable":true,"isUnique":false,"isCreateable":false,"isUpdateable":true,"isFilterable":true,"isCalculated":false,"javaType":"java.math.BigDecimal","showLabel":true,"naturalOrder":11,"linkedFields":["BillingLatitude"],"relatedInfos":[],"references":[]},"expression":"BillingLatitude"},{"@type":"fieldMap","id":"5743909","targetField":{"@type":"field","id":16391557,"name":"billinglongitude","type":"numeric","uniqueName":"billinglongitude","label":"billinglongitude","parentObject":"sf_account","pcType":"DECIMAL","precision":18,"scale":15,"columnIndex":-1,"isKey":false,"isExternalId":false,"isSfIdLookup":false,"isNullable":true,"isUnique":false,"isCreateable":false,"isUpdateable":true,"isFilterable":true,"isCalculated":false,"javaType":"java.math.BigDecimal","showLabel":true,"naturalOrder":12,"linkedFields":["BillingLongitude"],"relatedInfos":[],"references":[]},"expression":"BillingLongitude"},{"@type":"fieldMap","id":"5743912","targetField":{"@type":"field","id":16391560,"name":"billinggeocodeaccuracy","type":"varchar","uniqueName":"billinggeocodeaccuracy","label":"billinggeocodeaccuracy","parentObject":"sf_account","pcType":"NSTRING","precision":80,"scale":0,"columnIndex":-1,"isKey":false,"isExternalId":false,"isSfIdLookup":false,"isNullable":true,"isUnique":false,"isCreateable":false,"isUpdateable":true,"isFilterable":true,"isCalculated":false,"javaType":"java.lang.String","showLabel":true,"naturalOrder":13,"linkedFields":["BillingGeocodeAccuracy"],"relatedInfos":[],"references":[]},"expression":"BillingGeocodeAccuracy"},{"@type":"fieldMap","id":"5743915","targetField":{"@type":"field","id":16391563,"name":"shippingstreet","type":"varchar","uniqueName":"shippingstreet","label":"shippingstreet","parentObject":"sf_account","pcType":"NSTRING","precision":510,"scale":0,"columnIndex":-1,"isKey":false,"isExternalId":false,"isSfIdLookup":false,"isNullable":true,"isUnique":false,"isCreateable":false,"isUpdateable":true,"isFilterable":true,"isCalculated":false,"javaType":"java.lang.String","showLabel":true,"naturalOrder":14,"linkedFields":["ShippingStreet"],"relatedInfos":[],"references":[]},"expression":"ShippingStreet"},{"@type":"fieldMap","id":"5743918","targetField":{"@type":"field","id":16391566,"name":"shippingcity","type":"varchar","uniqueName":"shippingcity","label":"shippingcity","parentObject":"sf_account","pcType":"NSTRING","precision":80,"scale":0,"columnIndex":-1,"isKey":false,"isExternalId":false,"isSfIdLookup":false,"isNullable":true,"isUnique":false,"isCreateable":false,"isUpdateable":true,"isFilterable":true,"isCalculated":false,"javaType":"java.lang.String","showLabel":true,"naturalOrder":15,"linkedFields":["ShippingCity"],"relatedInfos":[],"references":[]},"expression":"ShippingCity"},{"@type":"fieldMap","id":"5743921","targetField":{"@type":"field","id":16391569,"name":"shippingstate","type":"varchar","uniqueName":"shippingstate","label":"shippingstate","parentObject":"sf_account","pcType":"NSTRING","precision":160,"scale":0,"columnIndex":-1,"isKey":false,"isExternalId":false,"isSfIdLookup":false,"isNullable":true,"isUnique":false,"isCreateable":false,"isUpdateable":true,"isFilterable":true,"isCalculated":false,"javaType":"java.lang.String","showLabel":true,"naturalOrder":16,"linkedFields":["ShippingState"],"relatedInfos":[],"references":[]},"expression":"ShippingState"},{"@type":"fieldMap","id":"5743924","targetField":{"@type":"field","id":16391572,"name":"shippingpostalcode","type":"varchar","uniqueName":"shippingpostalcode","label":"shippingpostalcode","parentObject":"sf_account","pcType":"NSTRING","precision":40,"scale":0,"columnIndex":-1,"isKey":false,"isExternalId":false,"isSfIdLookup":false,"isNullable":true,"isUnique":false,"isCreateable":false,"isUpdateable":true,"isFilterable":true,"isCalculated":false,"javaType":"java.lang.String","showLabel":true,"naturalOrder":17,"linkedFields":["ShippingPostalCode"],"relatedInfos":[],"references":[]},"expression":"ShippingPostalCode"},{"@type":"fieldMap","id":"5743927","targetField":{"@type":"field","id":16391575,"name":"shippingcountry","type":"varchar","uniqueName":"shippingcountry","label":"shippingcountry","parentObject":"sf_account","pcType":"NSTRING","precision":160,"scale":0,"columnIndex":-1,"isKey":false,"isExternalId":false,"isSfIdLookup":false,"isNullable":true,"isUnique":false,"isCreateable":false,"isUpdateable":true,"isFilterable":true,"isCalculated":false,"javaType":"java.lang.String","showLabel":true,"naturalOrder":18,"linkedFields":["ShippingCountry"],"relatedInfos":[],"references":[]},"expression":"ShippingCountry"},{"@type":"fieldMap","id":"5743930","targetField":{"@type":"field","id":16391578,"name":"shippinglatitude","type":"numeric","uniqueName":"shippinglatitude","label":"shippinglatitude","parentObject":"sf_account","pcType":"DECIMAL","precision":18,"scale":15,"columnIndex":-1,"isKey":false,"isExternalId":false,"isSfIdLookup":false,"isNullable":true,"isUnique":false,"isCreateable":false,"isUpdateable":true,"isFilterable":true,"isCalculated":false,"javaType":"java.math.BigDecimal","showLabel":true,"naturalOrder":19,"linkedFields":["ShippingLatitude"],"relatedInfos":[],"references":[]},"expression":"ShippingLatitude"},{"@type":"fieldMap","id":"5743933","targetField":{"@type":"field","id":16391581,"name":"shippinglongitude","type":"numeric","uniqueName":"shippinglongitude","label":"shippinglongitude","parentObject":"sf_account","pcType":"DECIMAL","precision":18,"scale":15,"columnIndex":-1,"isKey":false,"isExternalId":false,"isSfIdLookup":false,"isNullable":true,"isUnique":false,"isCreateable":false,"isUpdateable":true,"isFilterable":true,"isCalculated":false,"javaType":"java.math.BigDecimal","showLabel":true,"naturalOrder":20,"linkedFields":["ShippingLongitude"],"relatedInfos":[],"references":[]},"expression":"ShippingLongitude"},{"@type":"fieldMap","id":"5743936","targetField":{"@type":"field","id":16391584,"name":"shippinggeocodeaccuracy","type":"varchar","uniqueName":"shippinggeocodeaccuracy","label":"shippinggeocodeaccuracy","parentObject":"sf_account","pcType":"NSTRING","precision":80,"scale":0,"columnIndex":-1,"isKey":false,"isExternalId":false,"isSfIdLookup":false,"isNullable":true,"isUnique":false,"isCreateable":false,"isUpdateable":true,"isFilterable":true,"isCalculated":false,"javaType":"java.lang.String","showLabel":true,"naturalOrder":21,"linkedFields":["ShippingGeocodeAccuracy"],"relatedInfos":[],"references":[]},"expression":"ShippingGeocodeAccuracy"},{"@type":"fieldMap","id":"5743939","targetField":{"@type":"field","id":16391587,"name":"phone","type":"varchar","uniqueName":"phone","label":"phone","parentObject":"sf_account","pcType":"NSTRING","precision":80,"scale":0,"columnIndex":-1,"isKey":false,"isExternalId":false,"isSfIdLookup":false,"isNullable":true,"isUnique":false,"isCreateable":false,"isUpdateable":true,"isFilterable":true,"isCalculated":false,"javaType":"java.lang.String","showLabel":true,"naturalOrder":22,"linkedFields":["Phone"],"relatedInfos":[],"references":[]},"expression":"Phone"},{"@type":"fieldMap","id":"5743942","targetField":{"@type":"field","id":16391590,"name":"fax","type":"varchar","uniqueName":"fax","label":"fax","parentObject":"sf_account","pcType":"NSTRING","precision":80,"scale":0,"columnIndex":-1,"isKey":false,"isExternalId":false,"isSfIdLookup":false,"isNullable":true,"isUnique":false,"isCreateable":false,"isUpdateable":true,"isFilterable":true,"isCalculated":false,"javaType":"java.lang.String","showLabel":true,"naturalOrder":23,"linkedFields":["Fax"],"relatedInfos":[],"references":[]},"expression":"Fax"},{"@type":"fieldMap","id":"5743945","targetField":{"@type":"field","id":16391593,"name":"accountnumber","type":"varchar","uniqueName":"accountnumber","label":"accountnumber","parentObject":"sf_account","pcType":"NSTRING","precision":80,"scale":0,"columnIndex":-1,"isKey":false,"isExternalId":false,"isSfIdLookup":false,"isNullable":true,"isUnique":false,"isCreateable":false,"isUpdateable":true,"isFilterable":true,"isCalculated":false,"javaType":"java.lang.String","showLabel":true,"naturalOrder":24,"linkedFields":["AccountNumber"],"relatedInfos":[],"references":[]},"expression":"AccountNumber"},{"@type":"fieldMap","id":"5743948","targetField":{"@type":"field","id":16391596,"name":"website","type":"varchar","uniqueName":"website","label":"website","parentObject":"sf_account","pcType":"NSTRING","precision":510,"scale":0,"columnIndex":-1,"isKey":false,"isExternalId":false,"isSfIdLookup":false,"isNullable":true,"isUnique":false,"isCreateable":false,"isUpdateable":true,"isFilterable":true,"isCalculated":false,"javaType":"java.lang.String","showLabel":true,"naturalOrder":25,"linkedFields":["Website"],"relatedInfos":[],"references":[]},"expression":"Website"},{"@type":"fieldMap","id":"5743951","targetField":{"@type":"field","id":16391599,"name":"photourl","type":"varchar","uniqueName":"photourl","label":"photourl","parentObject":"sf_account","pcType":"NSTRING","precision":510,"scale":0,"columnIndex":-1,"isKey":false,"isExternalId":false,"isSfIdLookup":false,"isNullable":true,"isUnique":false,"isCreateable":false,"isUpdateable":true,"isFilterable":true,"isCalculated":false,"javaType":"java.lang.String","showLabel":true,"naturalOrder":26,"linkedFields":["PhotoUrl"],"relatedInfos":[],"references":[]},"expression":"PhotoUrl"},{"@type":"fieldMap","id":"5743954","targetField":{"@type":"field","id":16391602,"name":"sic","type":"varchar","uniqueName":"sic","label":"sic","parentObject":"sf_account","pcType":"NSTRING","precision":40,"scale":0,"columnIndex":-1,"isKey":false,"isExternalId":false,"isSfIdLookup":false,"isNullable":true,"isUnique":false,"isCreateable":false,"isUpdateable":true,"isFilterable":true,"isCalculated":false,"javaType":"java.lang.String","showLabel":true,"naturalOrder":27,"linkedFields":["Sic"],"relatedInfos":[],"references":[]},"expression":"Sic"},{"@type":"fieldMap","id":"5743957","targetField":{"@type":"field","id":16391605,"name":"industry","type":"varchar","uniqueName":"industry","label":"industry","parentObject":"sf_account","pcType":"NSTRING","precision":80,"scale":0,"columnIndex":-1,"isKey":false,"isExternalId":false,"isSfIdLookup":false,"isNullable":true,"isUnique":false,"isCreateable":false,"isUpdateable":true,"isFilterable":true,"isCalculated":false,"javaType":"java.lang.String","showLabel":true,"naturalOrder":28,"linkedFields":["Industry"],"relatedInfos":[],"references":[]},"expression":"Industry"},{"@type":"fieldMap","id":"5743960","targetField":{"@type":"field","id":16391608,"name":"annualrevenue","type":"float8","uniqueName":"annualrevenue","label":"annualrevenue","parentObject":"sf_account","pcType":"DOUBLE","precision":17,"scale":17,"columnIndex":-1,"isKey":false,"isExternalId":false,"isSfIdLookup":false,"isNullable":true,"isUnique":false,"isCreateable":false,"isUpdateable":true,"isFilterable":true,"isCalculated":false,"javaType":"java.lang.Double","showLabel":true,"naturalOrder":29,"linkedFields":["AnnualRevenue"],"relatedInfos":[],"references":[]},"expression":"AnnualRevenue"},{"@type":"fieldMap","id":"5743963","targetField":{"@type":"field","id":16391611,"name":"numberofemployees","type":"float8","uniqueName":"numberofemployees","label":"numberofemployees","parentObject":"sf_account","pcType":"DOUBLE","precision":17,"scale":17,"columnIndex":-1,"isKey":false,"isExternalId":false,"isSfIdLookup":false,"isNullable":true,"isUnique":false,"isCreateable":false,"isUpdateable":true,"isFilterable":true,"isCalculated":false,"javaType":"java.lang.Double","showLabel":true,"naturalOrder":30,"linkedFields":["NumberOfEmployees"],"relatedInfos":[],"references":[]},"expression":"NumberOfEmployees"},{"@type":"fieldMap","id":"5743966","targetField":{"@type":"field","id":16391614,"name":"ownership","type":"varchar","uniqueName":"ownership","label":"ownership","parentObject":"sf_account","pcType":"NSTRING","precision":80,"scale":0,"columnIndex":-1,"isKey":false,"isExternalId":false,"isSfIdLookup":false,"isNullable":true,"isUnique":false,"isCreateable":false,"isUpdateable":true,"isFilterable":true,"isCalculated":false,"javaType":"java.lang.String","showLabel":true,"naturalOrder":31,"linkedFields":["Ownership"],"relatedInfos":[],"references":[]},"expression":"Ownership"},{"@type":"fieldMap","id":"5743969","targetField":{"@type":"field","id":16391617,"name":"tickersymbol","type":"varchar","uniqueName":"tickersymbol","label":"tickersymbol","parentObject":"sf_account","pcType":"NSTRING","precision":40,"scale":0,"columnIndex":-1,"isKey":false,"isExternalId":false,"isSfIdLookup":false,"isNullable":true,"isUnique":false,"isCreateable":false,"isUpdateable":true,"isFilterable":true,"isCalculated":false,"javaType":"java.lang.String","showLabel":true,"naturalOrder":32,"linkedFields":["TickerSymbol"],"relatedInfos":[],"references":[]},"expression":"TickerSymbol"},{"@type":"fieldMap","id":"5743972","targetField":{"@type":"field","id":16391620,"name":"description","type":"varchar","uniqueName":"description","label":"description","parentObject":"sf_account","pcType":"NSTRING","precision":32000,"scale":0,"columnIndex":-1,"isKey":false,"isExternalId":false,"isSfIdLookup":false,"isNullable":true,"isUnique":false,"isCreateable":false,"isUpdateable":true,"isFilterable":true,"isCalculated":false,"javaType":"java.lang.String","showLabel":true,"naturalOrder":33,"linkedFields":["Description"],"relatedInfos":[],"references":[]},"expression":"Description"},{"@type":"fieldMap","id":"5743975","targetField":{"@type":"field","id":16391623,"name":"rating","type":"varchar","uniqueName":"rating","label":"rating","parentObject":"sf_account","pcType":"NSTRING","precision":80,"scale":0,"columnIndex":-1,"isKey":false,"isExternalId":false,"isSfIdLookup":false,"isNullable":true,"isUnique":false,"isCreateable":false,"isUpdateable":true,"isFilterable":true,"isCalculated":false,"javaType":"java.lang.String","showLabel":true,"naturalOrder":34,"linkedFields":["Rating"],"relatedInfos":[],"references":[]},"expression":"Rating"},{"@type":"fieldMap","id":"5743978","targetField":{"@type":"field","id":16391626,"name":"site","type":"varchar","uniqueName":"site","label":"site","parentObject":"sf_account","pcType":"NSTRING","precision":160,"scale":0,"columnIndex":-1,"isKey":false,"isExternalId":false,"isSfIdLookup":false,"isNullable":true,"isUnique":false,"isCreateable":false,"isUpdateable":true,"isFilterable":true,"isCalculated":false,"javaType":"java.lang.String","showLabel":true,"naturalOrder":35,"linkedFields":["Site"],"relatedInfos":[],"references":[]},"expression":"Site"},{"@type":"fieldMap","id":"5743981","targetField":{"@type":"field","id":16391629,"name":"ownerid","type":"varchar","uniqueName":"ownerid","label":"ownerid","parentObject":"sf_account","pcType":"NSTRING","precision":36,"scale":0,"columnIndex":-1,"isKey":false,"isExternalId":false,"isSfIdLookup":false,"isNullable":true,"isUnique":false,"isCreateable":false,"isUpdateable":true,"isFilterable":true,"isCalculated":false,"javaType":"java.lang.String","showLabel":true,"naturalOrder":36,"linkedFields":["OwnerId"],"relatedInfos":[],"references":[]},"expression":"OwnerId"},{"@type":"fieldMap","id":"5743984","targetField":{"@type":"field","id":16391632,"name":"createddate","type":"timestamp","uniqueName":"createddate","label":"createddate","parentObject":"sf_account","pcType":"TOOLKIT_DATETIME","precision":29,"scale":6,"columnIndex":-1,"isKey":false,"isExternalId":false,"isSfIdLookup":false,"isNullable":true,"isUnique":false,"isCreateable":false,"isUpdateable":true,"isFilterable":true,"isCalculated":false,"javaType":"java.sql.Timestamp","showLabel":true,"naturalOrder":37,"linkedFields":["CreatedDate"],"relatedInfos":[],"references":[]},"expression":"CreatedDate"},{"@type":"fieldMap","id":"5743987","targetField":{"@type":"field","id":16391635,"name":"createdbyid","type":"varchar","uniqueName":"createdbyid","label":"createdbyid","parentObject":"sf_account","pcType":"NSTRING","precision":36,"scale":0,"columnIndex":-1,"isKey":false,"isExternalId":false,"isSfIdLookup":false,"isNullable":true,"isUnique":false,"isCreateable":false,"isUpdateable":true,"isFilterable":true,"isCalculated":false,"javaType":"java.lang.String","showLabel":true,"naturalOrder":38,"linkedFields":["CreatedById"],"relatedInfos":[],"references":[]},"expression":"CreatedById"},{"@type":"fieldMap","id":"5743990","targetField":{"@type":"field","id":16391638,"name":"lastmodifieddate","type":"timestamp","uniqueName":"lastmodifieddate","label":"lastmodifieddate","parentObject":"sf_account","pcType":"TOOLKIT_DATETIME","precision":29,"scale":6,"columnIndex":-1,"isKey":false,"isExternalId":false,"isSfIdLookup":false,"isNullable":true,"isUnique":false,"isCreateable":false,"isUpdateable":true,"isFilterable":true,"isCalculated":false,"javaType":"java.sql.Timestamp","showLabel":true,"naturalOrder":39,"linkedFields":["LastModifiedDate"],"relatedInfos":[],"references":[]},"expression":"LastModifiedDate"},{"@type":"fieldMap","id":"5743993","targetField":{"@type":"field","id":16391641,"name":"lastmodifiedbyid","type":"varchar","uniqueName":"lastmodifiedbyid","label":"lastmodifiedbyid","parentObject":"sf_account","pcType":"NSTRING","precision":36,"scale":0,"columnIndex":-1,"isKey":false,"isExternalId":false,"isSfIdLookup":false,"isNullable":true,"isUnique":false,"isCreateable":false,"isUpdateable":true,"isFilterable":true,"isCalculated":false,"javaType":"java.lang.String","showLabel":true,"naturalOrder":40,"linkedFields":["LastModifiedById"],"relatedInfos":[],"references":[]},"expression":"LastModifiedById"},{"@type":"fieldMap","id":"5743996","targetField":{"@type":"field","id":16391644,"name":"systemmodstamp","type":"timestamp","uniqueName":"systemmodstamp","label":"systemmodstamp","parentObject":"sf_account","pcType":"TOOLKIT_DATETIME","precision":29,"scale":6,"columnIndex":-1,"isKey":false,"isExternalId":false,"isSfIdLookup":false,"isNullable":true,"isUnique":false,"isCreateable":false,"isUpdateable":true,"isFilterable":true,"isCalculated":false,"javaType":"java.sql.Timestamp","showLabel":true,"naturalOrder":41,"linkedFields":["SystemModstamp"],"relatedInfos":[],"references":[]},"expression":"SystemModstamp"},{"@type":"fieldMap","id":"5743999","targetField":{"@type":"field","id":16391647,"name":"lastactivitydate","type":"timestamp","uniqueName":"lastactivitydate","label":"lastactivitydate","parentObject":"sf_account","pcType":"TOOLKIT_DATETIME","precision":29,"scale":6,"columnIndex":-1,"isKey":false,"isExternalId":false,"isSfIdLookup":false,"isNullable":true,"isUnique":false,"isCreateable":false,"isUpdateable":true,"isFilterable":true,"isCalculated":false,"javaType":"java.sql.Timestamp","showLabel":true,"naturalOrder":42,"linkedFields":["LastActivityDate"],"relatedInfos":[],"references":[]},"expression":"LastActivityDate"},{"@type":"fieldMap","id":"5744002","targetField":{"@type":"field","id":16391650,"name":"lastvieweddate","type":"timestamp","uniqueName":"lastvieweddate","label":"lastvieweddate","parentObject":"sf_account","pcType":"TOOLKIT_DATETIME","precision":29,"scale":6,"columnIndex":-1,"isKey":false,"isExternalId":false,"isSfIdLookup":false,"isNullable":true,"isUnique":false,"isCreateable":false,"isUpdateable":true,"isFilterable":true,"isCalculated":false,"javaType":"java.sql.Timestamp","showLabel":true,"naturalOrder":43,"linkedFields":["LastViewedDate"],"relatedInfos":[],"references":[]},"expression":"LastViewedDate"},{"@type":"fieldMap","id":"5744005","targetField":{"@type":"field","id":16391653,"name":"lastreferenceddate","type":"timestamp","uniqueName":"lastreferenceddate","label":"lastreferenceddate","parentObject":"sf_account","pcType":"TOOLKIT_DATETIME","precision":29,"scale":6,"columnIndex":-1,"isKey":false,"isExternalId":false,"isSfIdLookup":false,"isNullable":true,"isUnique":false,"isCreateable":false,"isUpdateable":true,"isFilterable":true,"isCalculated":false,"javaType":"java.sql.Timestamp","showLabel":true,"naturalOrder":44,"linkedFields":["LastReferencedDate"],"relatedInfos":[],"references":[]},"expression":"LastReferencedDate"},{"@type":"fieldMap","id":"5744008","targetField":{"@type":"field","id":16391656,"name":"jigsaw","type":"varchar","uniqueName":"jigsaw","label":"jigsaw","parentObject":"sf_account","pcType":"NSTRING","precision":40,"scale":0,"columnIndex":-1,"isKey":false,"isExternalId":false,"isSfIdLookup":false,"isNullable":true,"isUnique":false,"isCreateable":false,"isUpdateable":true,"isFilterable":true,"isCalculated":false,"javaType":"java.lang.String","showLabel":true,"naturalOrder":45,"linkedFields":["Jigsaw"],"relatedInfos":[],"references":[]},"expression":"Jigsaw"},{"@type":"fieldMap","id":"5744011","targetField":{"@type":"field","id":16391659,"name":"jigsawcompanyid","type":"varchar","uniqueName":"jigsawcompanyid","label":"jigsawcompanyid","parentObject":"sf_account","pcType":"NSTRING","precision":40,"scale":0,"columnIndex":-1,"isKey":false,"isExternalId":false,"isSfIdLookup":false,"isNullable":true,"isUnique":false,"isCreateable":false,"isUpdateable":true,"isFilterable":true,"isCalculated":false,"javaType":"java.lang.String","showLabel":true,"naturalOrder":46,"linkedFields":["JigsawCompanyId"],"relatedInfos":[],"references":[]},"expression":"JigsawCompanyId"},{"@type":"fieldMap","id":"5744014","targetField":{"@type":"field","id":16391662,"name":"cleanstatus","type":"varchar","uniqueName":"cleanstatus","label":"cleanstatus","parentObject":"sf_account","pcType":"NSTRING","precision":80,"scale":0,"columnIndex":-1,"isKey":false,"isExternalId":false,"isSfIdLookup":false,"isNullable":true,"isUnique":false,"isCreateable":false,"isUpdateable":true,"isFilterable":true,"isCalculated":false,"javaType":"java.lang.String","showLabel":true,"naturalOrder":47,"linkedFields":["CleanStatus"],"relatedInfos":[],"references":[]},"expression":"CleanStatus"},{"@type":"fieldMap","id":"5744017","targetField":{"@type":"field","id":16391665,"name":"accountsource","type":"varchar","uniqueName":"accountsource","label":"accountsource","parentObject":"sf_account","pcType":"NSTRING","precision":80,"scale":0,"columnIndex":-1,"isKey":false,"isExternalId":false,"isSfIdLookup":false,"isNullable":true,"isUnique":false,"isCreateable":false,"isUpdateable":true,"isFilterable":true,"isCalculated":false,"javaType":"java.lang.String","showLabel":true,"naturalOrder":48,"linkedFields":["AccountSource"],"relatedInfos":[],"references":[]},"expression":"AccountSource"},{"@type":"fieldMap","id":"5744020","targetField":{"@type":"field","id":16391668,"name":"dunsnumber","type":"varchar","uniqueName":"dunsnumber","label":"dunsnumber","parentObject":"sf_account","pcType":"NSTRING","precision":18,"scale":0,"columnIndex":-1,"isKey":false,"isExternalId":false,"isSfIdLookup":false,"isNullable":true,"isUnique":false,"isCreateable":false,"isUpdateable":true,"isFilterable":true,"isCalculated":false,"javaType":"java.lang.String","showLabel":true,"naturalOrder":49,"linkedFields":["DunsNumber"],"relatedInfos":[],"references":[]},"expression":"DunsNumber"},{"@type":"fieldMap","id":"5744023","targetField":{"@type":"field","id":16391671,"name":"tradestyle","type":"varchar","uniqueName":"tradestyle","label":"tradestyle","parentObject":"sf_account","pcType":"NSTRING","precision":510,"scale":0,"columnIndex":-1,"isKey":false,"isExternalId":false,"isSfIdLookup":false,"isNullable":true,"isUnique":false,"isCreateable":false,"isUpdateable":true,"isFilterable":true,"isCalculated":false,"javaType":"java.lang.String","showLabel":true,"naturalOrder":50,"linkedFields":["Tradestyle"],"relatedInfos":[],"references":[]},"expression":"Tradestyle"},{"@type":"fieldMap","id":"5744026","targetField":{"@type":"field","id":16391674,"name":"naicscode","type":"varchar","uniqueName":"naicscode","label":"naicscode","parentObject":"sf_account","pcType":"NSTRING","precision":16,"scale":0,"columnIndex":-1,"isKey":false,"isExternalId":false,"isSfIdLookup":false,"isNullable":true,"isUnique":false,"isCreateable":false,"isUpdateable":true,"isFilterable":true,"isCalculated":false,"javaType":"java.lang.String","showLabel":true,"naturalOrder":51,"linkedFields":["NaicsCode"],"relatedInfos":[],"references":[]},"expression":"NaicsCode"},{"@type":"fieldMap","id":"5744029","targetField":{"@type":"field","id":16391677,"name":"naicsdesc","type":"varchar","uniqueName":"naicsdesc","label":"naicsdesc","parentObject":"sf_account","pcType":"NSTRING","precision":240,"scale":0,"columnIndex":-1,"isKey":false,"isExternalId":false,"isSfIdLookup":false,"isNullable":true,"isUnique":false,"isCreateable":false,"isUpdateable":true,"isFilterable":true,"isCalculated":false,"javaType":"java.lang.String","showLabel":true,"naturalOrder":52,"linkedFields":["NaicsDesc"],"relatedInfos":[],"references":[]},"expression":"NaicsDesc"},{"@type":"fieldMap","id":"5744032","targetField":{"@type":"field","id":16391680,"name":"yearstarted","type":"varchar","uniqueName":"yearstarted","label":"yearstarted","parentObject":"sf_account","pcType":"NSTRING","precision":8,"scale":0,"columnIndex":-1,"isKey":false,"isExternalId":false,"isSfIdLookup":false,"isNullable":true,"isUnique":false,"isCreateable":false,"isUpdateable":true,"isFilterable":true,"isCalculated":false,"javaType":"java.lang.String","showLabel":true,"naturalOrder":53,"linkedFields":["YearStarted"],"relatedInfos":[],"references":[]},"expression":"YearStarted"},{"@type":"fieldMap","id":"5744035","targetField":{"@type":"field","id":16391683,"name":"sicdesc","type":"varchar","uniqueName":"sicdesc","label":"sicdesc","parentObject":"sf_account","pcType":"NSTRING","precision":160,"scale":0,"columnIndex":-1,"isKey":false,"isExternalId":false,"isSfIdLookup":false,"isNullable":true,"isUnique":false,"isCreateable":false,"isUpdateable":true,"isFilterable":true,"isCalculated":false,"javaType":"java.lang.String","showLabel":true,"naturalOrder":54,"linkedFields":["SicDesc"],"relatedInfos":[],"references":[]},"expression":"SicDesc"},{"@type":"fieldMap","id":"5744038","targetField":{"@type":"field","id":16391686,"name":"dandbcompanyid","type":"varchar","uniqueName":"dandbcompanyid","label":"dandbcompanyid","parentObject":"sf_account","pcType":"NSTRING","precision":36,"scale":0,"columnIndex":-1,"isKey":false,"isExternalId":false,"isSfIdLookup":false,"isNullable":true,"isUnique":false,"isCreateable":false,"isUpdateable":true,"isFilterable":true,"isCalculated":false,"javaType":"java.lang.String","showLabel":true,"naturalOrder":55,"linkedFields":["DandbCompanyId"],"relatedInfos":[],"references":[]},"expression":"DandbCompanyId"},{"@type":"fieldMap","id":"5744041","targetField":{"@type":"field","id":16391689,"name":"customerpriority__c","type":"varchar","uniqueName":"customerpriority__c","label":"customerpriority__c","parentObject":"sf_account","pcType":"NSTRING","precision":510,"scale":0,"columnIndex":-1,"isKey":false,"isExternalId":false,"isSfIdLookup":false,"isNullable":true,"isUnique":false,"isCreateable":false,"isUpdateable":true,"isFilterable":true,"isCalculated":false,"javaType":"java.lang.String","showLabel":true,"naturalOrder":56,"linkedFields":["CustomerPriority__c"],"relatedInfos":[],"references":[]},"expression":"CustomerPriority__c"},{"@type":"fieldMap","id":"5744044","targetField":{"@type":"field","id":16391692,"name":"sla__c","type":"varchar","uniqueName":"sla__c","label":"sla__c","parentObject":"sf_account","pcType":"NSTRING","precision":510,"scale":0,"columnIndex":-1,"isKey":false,"isExternalId":false,"isSfIdLookup":false,"isNullable":true,"isUnique":false,"isCreateable":false,"isUpdateable":true,"isFilterable":true,"isCalculated":false,"javaType":"java.lang.String","showLabel":true,"naturalOrder":57,"linkedFields":["SLA__c"],"relatedInfos":[],"references":[]},"expression":"SLA__c"},{"@type":"fieldMap","id":"5744047","targetField":{"@type":"field","id":16391695,"name":"active__c","type":"varchar","uniqueName":"active__c","label":"active__c","parentObject":"sf_account","pcType":"NSTRING","precision":510,"scale":0,"columnIndex":-1,"isKey":false,"isExternalId":false,"isSfIdLookup":false,"isNullable":true,"isUnique":false,"isCreateable":false,"isUpdateable":true,"isFilterable":true,"isCalculated":false,"javaType":"java.lang.String","showLabel":true,"naturalOrder":58,"linkedFields":["Active__c"],"relatedInfos":[],"references":[]},"expression":"Active__c"},{"@type":"fieldMap","id":"5744050","targetField":{"@type":"field","id":16391698,"name":"numberoflocations__c","type":"float8","uniqueName":"numberoflocations__c","label":"numberoflocations__c","parentObject":"sf_account","pcType":"DOUBLE","precision":17,"scale":17,"columnIndex":-1,"isKey":false,"isExternalId":false,"isSfIdLookup":false,"isNullable":true,"isUnique":false,"isCreateable":false,"isUpdateable":true,"isFilterable":true,"isCalculated":false,"javaType":"java.lang.Double","showLabel":true,"naturalOrder":59,"linkedFields":["NumberofLocations__c"],"relatedInfos":[],"references":[]},"expression":"NumberofLocations__c"},{"@type":"fieldMap","id":"5744053","targetField":{"@type":"field","id":16391701,"name":"upsellopportunity__c","type":"varchar","uniqueName":"upsellopportunity__c","label":"upsellopportunity__c","parentObject":"sf_account","pcType":"NSTRING","precision":510,"scale":0,"columnIndex":-1,"isKey":false,"isExternalId":false,"isSfIdLookup":false,"isNullable":true,"isUnique":false,"isCreateable":false,"isUpdateable":true,"isFilterable":true,"isCalculated":false,"javaType":"java.lang.String","showLabel":true,"naturalOrder":60,"linkedFields":["UpsellOpportunity__c"],"relatedInfos":[],"references":[]},"expression":"UpsellOpportunity__c"},{"@type":"fieldMap","id":"5744056","targetField":{"@type":"field","id":16391704,"name":"slaserialnumber__c","type":"varchar","uniqueName":"slaserialnumber__c","label":"slaserialnumber__c","parentObject":"sf_account","pcType":"NSTRING","precision":20,"scale":0,"columnIndex":-1,"isKey":false,"isExternalId":false,"isSfIdLookup":false,"isNullable":true,"isUnique":false,"isCreateable":false,"isUpdateable":true,"isFilterable":true,"isCalculated":false,"javaType":"java.lang.String","showLabel":true,"naturalOrder":61,"linkedFields":["SLASerialNumber__c"],"relatedInfos":[],"references":[]},"expression":"SLASerialNumber__c"},{"@type":"fieldMap","id":"5744059","targetField":{"@type":"field","id":16391707,"name":"slaexpirationdate__c","type":"timestamp","uniqueName":"slaexpirationdate__c","label":"slaexpirationdate__c","parentObject":"sf_account","pcType":"TOOLKIT_DATETIME","precision":29,"scale":6,"columnIndex":-1,"isKey":false,"isExternalId":false,"isSfIdLookup":false,"isNullable":true,"isUnique":false,"isCreateable":false,"isUpdateable":true,"isFilterable":true,"isCalculated":false,"javaType":"java.sql.Timestamp","showLabel":true,"naturalOrder":62,"linkedFields":["SLAExpirationDate__c"],"relatedInfos":[],"references":[]},"expression":"SLAExpirationDate__c"},{"@type":"fieldMap","id":"5744062","targetField":{"@type":"field","id":16391710,"name":"billing_system_id__c","type":"varchar","uniqueName":"billing_system_id__c","label":"billing_system_id__c","parentObject":"sf_account","pcType":"NSTRING","precision":60,"scale":0,"columnIndex":-1,"isKey":false,"isExternalId":false,"isSfIdLookup":false,"isNullable":true,"isUnique":false,"isCreateable":false,"isUpdateable":true,"isFilterable":true,"isCalculated":false,"javaType":"java.lang.String","showLabel":true,"naturalOrder":63,"linkedFields":[],"relatedInfos":[],"references":[]}}],"sourceFields":[{"@type":"field","id":16391713,"name":"Id","type":"id","uniqueName":"Id","label":"Account ID","parentObject":"Account","pcType":"STRING","precision":18,"scale":0,"columnIndex":0,"isKey":true,"isExternalId":false,"isSfIdLookup":true,"isNullable":false,"isUnique":false,"isCreateable":false,"isUpdateable":false,"isFilterable":true,"isCalculated":false,"showLabel":false,"naturalOrder":0,"linkedFields":["id"],"relatedInfos":[],"references":[]},{"@type":"field","id":16391716,"name":"IsDeleted","type":"boolean","uniqueName":"IsDeleted","label":"Deleted","parentObject":"Account","pcType":"INT","precision":10,"scale":0,"columnIndex":1,"isKey":false,"isExternalId":false,"isSfIdLookup":false,"isNullable":false,"isUnique":false,"isCreateable":false,"isUpdateable":false,"isFilterable":true,"isCalculated":false,"showLabel":false,"naturalOrder":1,"linkedFields":["isdeleted"],"relatedInfos":[],"references":[]},{"@type":"field","id":16391719,"name":"MasterRecordId","type":"reference","uniqueName":"MasterRecordId","label":"Master Record ID","parentObject":"Account","pcType":"STRING","precision":18,"scale":0,"columnIndex":2,"isKey":false,"isExternalId":false,"isSfIdLookup":false,"isNullable":true,"isUnique":false,"isCreateable":false,"isUpdateable":false,"isFilterable":true,"isCalculated":false,"showLabel":false,"naturalOrder":2,"linkedFields":["masterrecordid"],"relatedInfos":[{"@type":"fieldRelatedInfo","id":1106413,"referenceObject":"Account","relationshipName":"MasterRecord","referenceField":{"@type":"field","id":-1,"precision":0,"scale":0,"columnIndex":-1,"isKey":false,"isExternalId":false,"isSfIdLookup":false,"isNullable":true,"isUnique":false,"isCreateable":false,"isUpdateable":true,"isFilterable":true,"isCalculated":false,"showLabel":true,"naturalOrder":0,"linkedFields":[],"relatedInfos":[],"references":[]}}],"references":[]},{"@type":"field","id":16391722,"name":"Name","type":"string","uniqueName":"Name","label":"Account Name","parentObject":"Account","pcType":"STRING","precision":255,"scale":0,"columnIndex":3,"isKey":false,"isExternalId":false,"isSfIdLookup":false,"isNullable":false,"isUnique":false,"isCreateable":true,"isUpdateable":true,"isFilterable":true,"isCalculated":false,"showLabel":false,"naturalOrder":3,"linkedFields":["name"],"relatedInfos":[],"references":[]},{"@type":"field","id":16391725,"name":"Type","type":"picklist","uniqueName":"Type","label":"Account Type","parentObject":"Account","pcType":"STRING","precision":40,"scale":0,"columnIndex":4,"isKey":false,"isExternalId":false,"isSfIdLookup":false,"isNullable":true,"isUnique":false,"isCreateable":true,"isUpdateable":true,"isFilterable":true,"isCalculated":false,"showLabel":false,"naturalOrder":4,"linkedFields":["type"],"relatedInfos":[],"references":[]},{"@type":"field","id":16391728,"name":"ParentId","type":"reference","uniqueName":"ParentId","label":"Parent Account ID","parentObject":"Account","pcType":"STRING","precision":18,"scale":0,"columnIndex":5,"isKey":false,"isExternalId":false,"isSfIdLookup":false,"isNullable":true,"isUnique":false,"isCreateable":true,"isUpdateable":true,"isFilterable":true,"isCalculated":false,"showLabel":false,"naturalOrder":5,"linkedFields":["parentid"],"relatedInfos":[{"@type":"fieldRelatedInfo","id":1106416,"referenceObject":"Account","relationshipName":"Parent","referenceField":{"@type":"field","id":-1,"precision":0,"scale":0,"columnIndex":-1,"isKey":false,"isExternalId":false,"isSfIdLookup":false,"isNullable":true,"isUnique":false,"isCreateable":false,"isUpdateable":true,"isFilterable":true,"isCalculated":false,"showLabel":true,"naturalOrder":0,"linkedFields":[],"relatedInfos":[],"references":[]}}],"references":[]},{"@type":"field","id":16391731,"name":"BillingStreet","type":"textarea","uniqueName":"BillingStreet","label":"Billing Street","parentObject":"Account","pcType":"STRING","precision":255,"scale":0,"columnIndex":6,"isKey":false,"isExternalId":false,"isSfIdLookup":false,"isNullable":true,"isUnique":false,"isCreateable":true,"isUpdateable":true,"isFilterable":true,"isCalculated":false,"showLabel":false,"naturalOrder":6,"linkedFields":["billingstreet"],"relatedInfos":[],"references":[]},{"@type":"field","id":16391734,"name":"BillingCity","type":"string","uniqueName":"BillingCity","label":"Billing City","parentObject":"Account","pcType":"STRING","precision":40,"scale":0,"columnIndex":7,"isKey":false,"isExternalId":false,"isSfIdLookup":false,"isNullable":true,"isUnique":false,"isCreateable":true,"isUpdateable":true,"isFilterable":true,"isCalculated":false,"showLabel":false,"naturalOrder":7,"linkedFields":["billingcity"],"relatedInfos":[],"references":[]},{"@type":"field","id":16391737,"name":"BillingState","type":"string","uniqueName":"BillingState","label":"Billing State/Province","parentObject":"Account","pcType":"STRING","precision":80,"scale":0,"columnIndex":8,"isKey":false,"isExternalId":false,"isSfIdLookup":false,"isNullable":true,"isUnique":false,"isCreateable":true,"isUpdateable":true,"isFilterable":true,"isCalculated":false,"showLabel":false,"naturalOrder":8,"linkedFields":["billingstate"],"relatedInfos":[],"references":[]},{"@type":"field","id":16391740,"name":"BillingPostalCode","type":"string","uniqueName":"BillingPostalCode","label":"Billing Zip/Postal Code","parentObject":"Account","pcType":"STRING","precision":20,"scale":0,"columnIndex":9,"isKey":false,"isExternalId":false,"isSfIdLookup":false,"isNullable":true,"isUnique":false,"isCreateable":true,"isUpdateable":true,"isFilterable":true,"isCalculated":false,"showLabel":false,"naturalOrder":9,"linkedFields":["billingpostalcode"],"relatedInfos":[],"references":[]},{"@type":"field","id":16391743,"name":"BillingCountry","type":"string","uniqueName":"BillingCountry","label":"Billing Country","parentObject":"Account","pcType":"STRING","precision":80,"scale":0,"columnIndex":10,"isKey":false,"isExternalId":false,"isSfIdLookup":false,"isNullable":true,"isUnique":false,"isCreateable":true,"isUpdateable":true,"isFilterable":true,"isCalculated":false,"showLabel":false,"naturalOrder":10,"linkedFields":["billingcountry"],"relatedInfos":[],"references":[]},{"@type":"field","id":16391746,"name":"BillingLatitude","type":"double","uniqueName":"BillingLatitude","label":"Billing Latitude","parentObject":"Account","pcType":"HIPRECDECIMAL","precision":18,"scale":15,"columnIndex":11,"isKey":false,"isExternalId":false,"isSfIdLookup":false,"isNullable":true,"isUnique":false,"isCreateable":true,"isUpdateable":true,"isFilterable":true,"isCalculated":false,"showLabel":false,"naturalOrder":11,"linkedFields":["billinglatitude"],"relatedInfos":[],"references":[]},{"@type":"field","id":16391749,"name":"BillingLongitude","type":"double","uniqueName":"BillingLongitude","label":"Billing Longitude","parentObject":"Account","pcType":"HIPRECDECIMAL","precision":18,"scale":15,"columnIndex":12,"isKey":false,"isExternalId":false,"isSfIdLookup":false,"isNullable":true,"isUnique":false,"isCreateable":true,"isUpdateable":true,"isFilterable":true,"isCalculated":false,"showLabel":false,"naturalOrder":12,"linkedFields":["billinglongitude"],"relatedInfos":[],"references":[]},{"@type":"field","id":16391752,"name":"BillingGeocodeAccuracy","type":"picklist","uniqueName":"BillingGeocodeAccuracy","label":"Billing Geocode Accuracy","parentObject":"Account","pcType":"STRING","precision":40,"scale":0,"columnIndex":13,"isKey":false,"isExternalId":false,"isSfIdLookup":false,"isNullable":true,"isUnique":false,"isCreateable":true,"isUpdateable":true,"isFilterable":true,"isCalculated":false,"showLabel":false,"naturalOrder":13,"linkedFields":["billinggeocodeaccuracy"],"relatedInfos":[],"references":[]},{"@type":"field","id":16391755,"name":"ShippingStreet","type":"textarea","uniqueName":"ShippingStreet","label":"Shipping Street","parentObject":"Account","pcType":"STRING","precision":255,"scale":0,"columnIndex":14,"isKey":false,"isExternalId":false,"isSfIdLookup":false,"isNullable":true,"isUnique":false,"isCreateable":true,"isUpdateable":true,"isFilterable":true,"isCalculated":false,"showLabel":false,"naturalOrder":14,"linkedFields":["shippingstreet"],"relatedInfos":[],"references":[]},{"@type":"field","id":16391758,"name":"ShippingCity","type":"string","uniqueName":"ShippingCity","label":"Shipping City","parentObject":"Account","pcType":"STRING","precision":40,"scale":0,"columnIndex":15,"isKey":false,"isExternalId":false,"isSfIdLookup":false,"isNullable":true,"isUnique":false,"isCreateable":true,"isUpdateable":true,"isFilterable":true,"isCalculated":false,"showLabel":false,"naturalOrder":15,"linkedFields":["shippingcity"],"relatedInfos":[],"references":[]},{"@type":"field","id":16391761,"name":"ShippingState","type":"string","uniqueName":"ShippingState","label":"Shipping State/Province","parentObject":"Account","pcType":"STRING","precision":80,"scale":0,"columnIndex":16,"isKey":false,"isExternalId":false,"isSfIdLookup":false,"isNullable":true,"isUnique":false,"isCreateable":true,"isUpdateable":true,"isFilterable":true,"isCalculated":false,"showLabel":false,"naturalOrder":16,"linkedFields":["shippingstate"],"relatedInfos":[],"references":[]},{"@type":"field","id":16391764,"name":"ShippingPostalCode","type":"string","uniqueName":"ShippingPostalCode","label":"Shipping Zip/Postal Code","parentObject":"Account","pcType":"STRING","precision":20,"scale":0,"columnIndex":17,"isKey":false,"isExternalId":false,"isSfIdLookup":false,"isNullable":true,"isUnique":false,"isCreateable":true,"isUpdateable":true,"isFilterable":true,"isCalculated":false,"showLabel":false,"naturalOrder":17,"linkedFields":["shippingpostalcode"],"relatedInfos":[],"references":[]},{"@type":"field","id":16391767,"name":"ShippingCountry","type":"string","uniqueName":"ShippingCountry","label":"Shipping Country","parentObject":"Account","pcType":"STRING","precision":80,"scale":0,"columnIndex":18,"isKey":false,"isExternalId":false,"isSfIdLookup":false,"isNullable":true,"isUnique":false,"isCreateable":true,"isUpdateable":true,"isFilterable":true,"isCalculated":false,"showLabel":false,"naturalOrder":18,"linkedFields":["shippingcountry"],"relatedInfos":[],"references":[]},{"@type":"field","id":16391770,"name":"ShippingLatitude","type":"double","uniqueName":"ShippingLatitude","label":"Shipping Latitude","parentObject":"Account","pcType":"HIPRECDECIMAL","precision":18,"scale":15,"columnIndex":19,"isKey":false,"isExternalId":false,"isSfIdLookup":false,"isNullable":true,"isUnique":false,"isCreateable":true,"isUpdateable":true,"isFilterable":true,"isCalculated":false,"showLabel":false,"naturalOrder":19,"linkedFields":["shippinglatitude"],"relatedInfos":[],"references":[]},{"@type":"field","id":16391773,"name":"ShippingLongitude","type":"double","uniqueName":"ShippingLongitude","label":"Shipping Longitude","parentObject":"Account","pcType":"HIPRECDECIMAL","precision":18,"scale":15,"columnIndex":20,"isKey":false,"isExternalId":false,"isSfIdLookup":false,"isNullable":true,"isUnique":false,"isCreateable":true,"isUpdateable":true,"isFilterable":true,"isCalculated":false,"showLabel":false,"naturalOrder":20,"linkedFields":["shippinglongitude"],"relatedInfos":[],"references":[]},{"@type":"field","id":16391776,"name":"ShippingGeocodeAccuracy","type":"picklist","uniqueName":"ShippingGeocodeAccuracy","label":"Shipping Geocode Accuracy","parentObject":"Account","pcType":"STRING","precision":40,"scale":0,"columnIndex":21,"isKey":false,"isExternalId":false,"isSfIdLookup":false,"isNullable":true,"isUnique":false,"isCreateable":true,"isUpdateable":true,"isFilterable":true,"isCalculated":false,"showLabel":false,"naturalOrder":21,"linkedFields":["shippinggeocodeaccuracy"],"relatedInfos":[],"references":[]},{"@type":"field","id":16391779,"name":"Phone","type":"phone","uniqueName":"Phone","label":"Account Phone","parentObject":"Account","pcType":"STRING","precision":40,"scale":0,"columnIndex":22,"isKey":false,"isExternalId":false,"isSfIdLookup":false,"isNullable":true,"isUnique":false,"isCreateable":true,"isUpdateable":true,"isFilterable":true,"isCalculated":false,"showLabel":false,"naturalOrder":22,"linkedFields":["phone"],"relatedInfos":[],"references":[]},{"@type":"field","id":16391782,"name":"Fax","type":"phone","uniqueName":"Fax","label":"Account Fax","parentObject":"Account","pcType":"STRING","precision":40,"scale":0,"columnIndex":23,"isKey":false,"isExternalId":false,"isSfIdLookup":false,"isNullable":true,"isUnique":false,"isCreateable":true,"isUpdateable":true,"isFilterable":true,"isCalculated":false,"showLabel":false,"naturalOrder":23,"linkedFields":["fax"],"relatedInfos":[],"references":[]},{"@type":"field","id":16391785,"name":"AccountNumber","type":"string","uniqueName":"AccountNumber","label":"Account Number","parentObject":"Account","pcType":"STRING","precision":40,"scale":0,"columnIndex":24,"isKey":false,"isExternalId":false,"isSfIdLookup":false,"isNullable":true,"isUnique":false,"isCreateable":true,"isUpdateable":true,"isFilterable":true,"isCalculated":false,"showLabel":false,"naturalOrder":24,"linkedFields":["accountnumber"],"relatedInfos":[],"references":[]},{"@type":"field","id":16391788,"name":"Website","type":"url","uniqueName":"Website","label":"Website","parentObject":"Account","pcType":"STRING","precision":255,"scale":0,"columnIndex":25,"isKey":false,"isExternalId":false,"isSfIdLookup":false,"isNullable":true,"isUnique":false,"isCreateable":true,"isUpdateable":true,"isFilterable":true,"isCalculated":false,"showLabel":false,"naturalOrder":25,"linkedFields":["website"],"relatedInfos":[],"references":[]},{"@type":"field","id":16391791,"name":"PhotoUrl","type":"url","uniqueName":"PhotoUrl","label":"Photo URL","parentObject":"Account","pcType":"STRING","precision":255,"scale":0,"columnIndex":26,"isKey":false,"isExternalId":false,"isSfIdLookup":false,"isNullable":true,"isUnique":false,"isCreateable":false,"isUpdateable":false,"isFilterable":true,"isCalculated":false,"showLabel":false,"naturalOrder":26,"linkedFields":["photourl"],"relatedInfos":[],"references":[]},{"@type":"field","id":16391794,"name":"Sic","type":"string","uniqueName":"Sic","label":"SIC Code","parentObject":"Account","pcType":"STRING","precision":20,"scale":0,"columnIndex":27,"isKey":false,"isExternalId":false,"isSfIdLookup":false,"isNullable":true,"isUnique":false,"isCreateable":true,"isUpdateable":true,"isFilterable":true,"isCalculated":false,"showLabel":false,"naturalOrder":27,"linkedFields":["sic"],"relatedInfos":[],"references":[]},{"@type":"field","id":16391797,"name":"Industry","type":"picklist","uniqueName":"Industry","label":"Industry","parentObject":"Account","pcType":"STRING","precision":40,"scale":0,"columnIndex":28,"isKey":false,"isExternalId":false,"isSfIdLookup":false,"isNullable":true,"isUnique":false,"isCreateable":true,"isUpdateable":true,"isFilterable":true,"isCalculated":false,"showLabel":false,"naturalOrder":28,"linkedFields":["industry"],"relatedInfos":[],"references":[]},{"@type":"field","id":16391800,"name":"AnnualRevenue","type":"currency","uniqueName":"AnnualRevenue","label":"Annual Revenue","parentObject":"Account","pcType":"HIPRECDECIMAL","precision":18,"scale":0,"columnIndex":29,"isKey":false,"isExternalId":false,"isSfIdLookup":false,"isNullable":true,"isUnique":false,"isCreateable":true,"isUpdateable":true,"isFilterable":true,"isCalculated":false,"showLabel":false,"naturalOrder":29,"linkedFields":["annualrevenue"],"relatedInfos":[],"references":[]},{"@type":"field","id":16391803,"name":"NumberOfEmployees","type":"int","uniqueName":"NumberOfEmployees","label":"Employees","parentObject":"Account","pcType":"INT","precision":10,"scale":0,"columnIndex":30,"isKey":false,"isExternalId":false,"isSfIdLookup":false,"isNullable":true,"isUnique":false,"isCreateable":true,"isUpdateable":true,"isFilterable":true,"isCalculated":false,"showLabel":false,"naturalOrder":30,"linkedFields":["numberofemployees"],"relatedInfos":[],"references":[]},{"@type":"field","id":16391806,"name":"Ownership","type":"picklist","uniqueName":"Ownership","label":"Ownership","parentObject":"Account","pcType":"STRING","precision":40,"scale":0,"columnIndex":31,"isKey":false,"isExternalId":false,"isSfIdLookup":false,"isNullable":true,"isUnique":false,"isCreateable":true,"isUpdateable":true,"isFilterable":true,"isCalculated":false,"showLabel":false,"naturalOrder":31,"linkedFields":["ownership"],"relatedInfos":[],"references":[]},{"@type":"field","id":16391809,"name":"TickerSymbol","type":"string","uniqueName":"TickerSymbol","label":"Ticker Symbol","parentObject":"Account","pcType":"STRING","precision":20,"scale":0,"columnIndex":32,"isKey":false,"isExternalId":false,"isSfIdLookup":false,"isNullable":true,"isUnique":false,"isCreateable":true,"isUpdateable":true,"isFilterable":true,"isCalculated":false,"showLabel":false,"naturalOrder":32,"linkedFields":["tickersymbol"],"relatedInfos":[],"references":[]},{"@type":"field","id":16391812,"name":"Description","type":"textarea","uniqueName":"Description","label":"Account Description","parentObject":"Account","pcType":"STRING","precision":32000,"scale":0,"columnIndex":33,"isKey":false,"isExternalId":false,"isSfIdLookup":false,"isNullable":true,"isUnique":false,"isCreateable":true,"isUpdateable":true,"isFilterable":false,"isCalculated":false,"showLabel":false,"naturalOrder":33,"linkedFields":["description"],"relatedInfos":[],"references":[]},{"@type":"field","id":16391815,"name":"Rating","type":"picklist","uniqueName":"Rating","label":"Account Rating","parentObject":"Account","pcType":"STRING","precision":40,"scale":0,"columnIndex":34,"isKey":false,"isExternalId":false,"isSfIdLookup":false,"isNullable":true,"isUnique":false,"isCreateable":true,"isUpdateable":true,"isFilterable":true,"isCalculated":false,"showLabel":false,"naturalOrder":34,"linkedFields":["rating"],"relatedInfos":[],"references":[]},{"@type":"field","id":16391818,"name":"Site","type":"string","uniqueName":"Site","label":"Account Site","parentObject":"Account","pcType":"STRING","precision":80,"scale":0,"columnIndex":35,"isKey":false,"isExternalId":false,"isSfIdLookup":false,"isNullable":true,"isUnique":false,"isCreateable":true,"isUpdateable":true,"isFilterable":true,"isCalculated":false,"showLabel":false,"naturalOrder":35,"linkedFields":["site"],"relatedInfos":[],"references":[]},{"@type":"field","id":16391821,"name":"OwnerId","type":"reference","uniqueName":"OwnerId","label":"Owner ID","parentObject":"Account","pcType":"STRING","precision":18,"scale":0,"columnIndex":36,"isKey":false,"isExternalId":false,"isSfIdLookup":false,"isNullable":false,"isUnique":false,"isCreateable":true,"isUpdateable":true,"isFilterable":true,"isCalculated":false,"showLabel":false,"naturalOrder":36,"linkedFields":["ownerid"],"relatedInfos":[{"@type":"fieldRelatedInfo","id":1106419,"referenceObject":"User","relationshipName":"Owner","referenceField":{"@type":"field","id":-1,"precision":0,"scale":0,"columnIndex":-1,"isKey":false,"isExternalId":false,"isSfIdLookup":false,"isNullable":true,"isUnique":false,"isCreateable":false,"isUpdateable":true,"isFilterable":true,"isCalculated":false,"showLabel":true,"naturalOrder":0,"linkedFields":[],"relatedInfos":[],"references":[]}}],"references":[]},{"@type":"field","id":16391824,"name":"CreatedDate","type":"datetime","uniqueName":"CreatedDate","label":"Created Date","parentObject":"Account","pcType":"DATE","precision":24,"scale":0,"columnIndex":37,"isKey":false,"isExternalId":false,"isSfIdLookup":false,"isNullable":false,"isUnique":false,"isCreateable":false,"isUpdateable":false,"isFilterable":true,"isCalculated":false,"showLabel":false,"naturalOrder":37,"linkedFields":["createddate"],"relatedInfos":[],"references":[]},{"@type":"field","id":16391827,"name":"CreatedById","type":"reference","uniqueName":"CreatedById","label":"Created By ID","parentObject":"Account","pcType":"STRING","precision":18,"scale":0,"columnIndex":38,"isKey":false,"isExternalId":false,"isSfIdLookup":false,"isNullable":false,"isUnique":false,"isCreateable":false,"isUpdateable":false,"isFilterable":true,"isCalculated":false,"showLabel":false,"naturalOrder":38,"linkedFields":["createdbyid"],"relatedInfos":[{"@type":"fieldRelatedInfo","id":1106422,"referenceObject":"User","relationshipName":"CreatedBy","referenceField":{"@type":"field","id":-1,"precision":0,"scale":0,"columnIndex":-1,"isKey":false,"isExternalId":false,"isSfIdLookup":false,"isNullable":true,"isUnique":false,"isCreateable":false,"isUpdateable":true,"isFilterable":true,"isCalculated":false,"showLabel":true,"naturalOrder":0,"linkedFields":[],"relatedInfos":[],"references":[]}}],"references":[]},{"@type":"field","id":16391830,"name":"LastModifiedDate","type":"datetime","uniqueName":"LastModifiedDate","label":"Last Modified Date","parentObject":"Account","pcType":"DATE","precision":24,"scale":0,"columnIndex":39,"isKey":false,"isExternalId":false,"isSfIdLookup":false,"isNullable":false,"isUnique":false,"isCreateable":false,"isUpdateable":false,"isFilterable":true,"isCalculated":false,"showLabel":false,"naturalOrder":39,"linkedFields":["lastmodifieddate"],"relatedInfos":[],"references":[]},{"@type":"field","id":16391833,"name":"LastModifiedById","type":"reference","uniqueName":"LastModifiedById","label":"Last Modified By ID","parentObject":"Account","pcType":"STRING","precision":18,"scale":0,"columnIndex":40,"isKey":false,"isExternalId":false,"isSfIdLookup":false,"isNullable":false,"isUnique":false,"isCreateable":false,"isUpdateable":false,"isFilterable":true,"isCalculated":false,"showLabel":false,"naturalOrder":40,"linkedFields":["lastmodifiedbyid"],"relatedInfos":[{"@type":"fieldRelatedInfo","id":1106425,"referenceObject":"User","relationshipName":"LastModifiedBy","referenceField":{"@type":"field","id":-1,"precision":0,"scale":0,"columnIndex":-1,"isKey":false,"isExternalId":false,"isSfIdLookup":false,"isNullable":true,"isUnique":false,"isCreateable":false,"isUpdateable":true,"isFilterable":true,"isCalculated":false,"showLabel":true,"naturalOrder":0,"linkedFields":[],"relatedInfos":[],"references":[]}}],"references":[]},{"@type":"field","id":16391836,"name":"SystemModstamp","type":"datetime","uniqueName":"SystemModstamp","label":"System Modstamp","parentObject":"Account","pcType":"DATE","precision":24,"scale":0,"columnIndex":41,"isKey":false,"isExternalId":false,"isSfIdLookup":false,"isNullable":false,"isUnique":false,"isCreateable":false,"isUpdateable":false,"isFilterable":true,"isCalculated":false,"showLabel":false,"naturalOrder":41,"linkedFields":["systemmodstamp"],"relatedInfos":[],"references":[]},{"@type":"field","id":16391839,"name":"LastActivityDate","type":"date","uniqueName":"LastActivityDate","label":"Last Activity","parentObject":"Account","pcType":"DATE","precision":10,"scale":0,"columnIndex":42,"isKey":false,"isExternalId":false,"isSfIdLookup":false,"isNullable":true,"isUnique":false,"isCreateable":false,"isUpdateable":false,"isFilterable":true,"isCalculated":false,"showLabel":false,"naturalOrder":42,"linkedFields":["lastactivitydate"],"relatedInfos":[],"references":[]},{"@type":"field","id":16391842,"name":"LastViewedDate","type":"datetime","uniqueName":"LastViewedDate","label":"Last Viewed Date","parentObject":"Account","pcType":"DATE","precision":24,"scale":0,"columnIndex":43,"isKey":false,"isExternalId":false,"isSfIdLookup":false,"isNullable":true,"isUnique":false,"isCreateable":false,"isUpdateable":false,"isFilterable":true,"isCalculated":false,"showLabel":false,"naturalOrder":43,"linkedFields":["lastvieweddate"],"relatedInfos":[],"references":[]},{"@type":"field","id":16391845,"name":"LastReferencedDate","type":"datetime","uniqueName":"LastReferencedDate","label":"Last Referenced Date","parentObject":"Account","pcType":"DATE","precision":24,"scale":0,"columnIndex":44,"isKey":false,"isExternalId":false,"isSfIdLookup":false,"isNullable":true,"isUnique":false,"isCreateable":false,"isUpdateable":false,"isFilterable":true,"isCalculated":false,"showLabel":false,"naturalOrder":44,"linkedFields":["lastreferenceddate"],"relatedInfos":[],"references":[]},{"@type":"field","id":16391848,"name":"Jigsaw","type":"string","uniqueName":"Jigsaw","label":"Data.com Key","parentObject":"Account","pcType":"STRING","precision":20,"scale":0,"columnIndex":45,"isKey":false,"isExternalId":false,"isSfIdLookup":false,"isNullable":true,"isUnique":false,"isCreateable":true,"isUpdateable":true,"isFilterable":true,"isCalculated":false,"showLabel":false,"naturalOrder":45,"linkedFields":["jigsaw"],"relatedInfos":[],"references":[]},{"@type":"field","id":16391851,"name":"JigsawCompanyId","type":"string","uniqueName":"JigsawCompanyId","label":"Jigsaw Company ID","parentObject":"Account","pcType":"STRING","precision":20,"scale":0,"columnIndex":46,"isKey":false,"isExternalId":false,"isSfIdLookup":false,"isNullable":true,"isUnique":false,"isCreateable":false,"isUpdateable":false,"isFilterable":true,"isCalculated":false,"showLabel":false,"naturalOrder":46,"linkedFields":["jigsawcompanyid"],"relatedInfos":[],"references":[]},{"@type":"field","id":16391854,"name":"CleanStatus","type":"picklist","uniqueName":"CleanStatus","label":"Clean Status","parentObject":"Account","pcType":"STRING","precision":40,"scale":0,"columnIndex":47,"isKey":false,"isExternalId":false,"isSfIdLookup":false,"isNullable":true,"isUnique":false,"isCreateable":true,"isUpdateable":true,"isFilterable":true,"isCalculated":false,"showLabel":false,"naturalOrder":47,"linkedFields":["cleanstatus"],"relatedInfos":[],"references":[]},{"@type":"field","id":16391857,"name":"AccountSource","type":"picklist","uniqueName":"AccountSource","label":"Account Source","parentObject":"Account","pcType":"STRING","precision":40,"scale":0,"columnIndex":48,"isKey":false,"isExternalId":false,"isSfIdLookup":false,"isNullable":true,"isUnique":false,"isCreateable":true,"isUpdateable":true,"isFilterable":true,"isCalculated":false,"showLabel":false,"naturalOrder":48,"linkedFields":["accountsource"],"relatedInfos":[],"references":[]},{"@type":"field","id":16391860,"name":"DunsNumber","type":"string","uniqueName":"DunsNumber","label":"D-U-N-S Number","parentObject":"Account","pcType":"STRING","precision":9,"scale":0,"columnIndex":49,"isKey":false,"isExternalId":false,"isSfIdLookup":false,"isNullable":true,"isUnique":false,"isCreateable":true,"isUpdateable":true,"isFilterable":true,"isCalculated":false,"showLabel":false,"naturalOrder":49,"linkedFields":["dunsnumber"],"relatedInfos":[],"references":[]},{"@type":"field","id":16391863,"name":"Tradestyle","type":"string","uniqueName":"Tradestyle","label":"Tradestyle","parentObject":"Account","pcType":"STRING","precision":255,"scale":0,"columnIndex":50,"isKey":false,"isExternalId":false,"isSfIdLookup":false,"isNullable":true,"isUnique":false,"isCreateable":true,"isUpdateable":true,"isFilterable":true,"isCalculated":false,"showLabel":false,"naturalOrder":50,"linkedFields":["tradestyle"],"relatedInfos":[],"references":[]},{"@type":"field","id":16391866,"name":"NaicsCode","type":"string","uniqueName":"NaicsCode","label":"NAICS Code","parentObject":"Account","pcType":"STRING","precision":8,"scale":0,"columnIndex":51,"isKey":false,"isExternalId":false,"isSfIdLookup":false,"isNullable":true,"isUnique":false,"isCreateable":true,"isUpdateable":true,"isFilterable":true,"isCalculated":false,"showLabel":false,"naturalOrder":51,"linkedFields":["naicscode"],"relatedInfos":[],"references":[]},{"@type":"field","id":16391869,"name":"NaicsDesc","type":"string","uniqueName":"NaicsDesc","label":"NAICS Description","parentObject":"Account","pcType":"STRING","precision":120,"scale":0,"columnIndex":52,"isKey":false,"isExternalId":false,"isSfIdLookup":false,"isNullable":true,"isUnique":false,"isCreateable":true,"isUpdateable":true,"isFilterable":true,"isCalculated":false,"showLabel":false,"naturalOrder":52,"linkedFields":["naicsdesc"],"relatedInfos":[],"references":[]},{"@type":"field","id":16391872,"name":"YearStarted","type":"string","uniqueName":"YearStarted","label":"Year Started","parentObject":"Account","pcType":"STRING","precision":4,"scale":0,"columnIndex":53,"isKey":false,"isExternalId":false,"isSfIdLookup":false,"isNullable":true,"isUnique":false,"isCreateable":true,"isUpdateable":true,"isFilterable":true,"isCalculated":false,"showLabel":false,"naturalOrder":53,"linkedFields":["yearstarted"],"relatedInfos":[],"references":[]},{"@type":"field","id":16391875,"name":"SicDesc","type":"string","uniqueName":"SicDesc","label":"SIC Description","parentObject":"Account","pcType":"STRING","precision":80,"scale":0,"columnIndex":54,"isKey":false,"isExternalId":false,"isSfIdLookup":false,"isNullable":true,"isUnique":false,"isCreateable":true,"isUpdateable":true,"isFilterable":true,"isCalculated":false,"showLabel":false,"naturalOrder":54,"linkedFields":["sicdesc"],"relatedInfos":[],"references":[]},{"@type":"field","id":16391878,"name":"DandbCompanyId","type":"reference","uniqueName":"DandbCompanyId","label":"D&B Company ID","parentObject":"Account","pcType":"STRING","precision":18,"scale":0,"columnIndex":55,"isKey":false,"isExternalId":false,"isSfIdLookup":false,"isNullable":true,"isUnique":false,"isCreateable":true,"isUpdateable":true,"isFilterable":true,"isCalculated":false,"showLabel":false,"naturalOrder":55,"linkedFields":["dandbcompanyid"],"relatedInfos":[{"@type":"fieldRelatedInfo","id":1106428,"referenceObject":"DandBCompany","relationshipName":"DandbCompany","referenceField":{"@type":"field","id":-1,"precision":0,"scale":0,"columnIndex":-1,"isKey":false,"isExternalId":false,"isSfIdLookup":false,"isNullable":true,"isUnique":false,"isCreateable":false,"isUpdateable":true,"isFilterable":true,"isCalculated":false,"showLabel":true,"naturalOrder":0,"linkedFields":[],"relatedInfos":[],"references":[]}}],"references":[]},{"@type":"field","id":16391881,"name":"CustomerPriority__c","type":"picklist","uniqueName":"CustomerPriority__c","label":"Customer Priority","parentObject":"Account","pcType":"STRING","precision":255,"scale":0,"columnIndex":56,"isKey":false,"isExternalId":false,"isSfIdLookup":false,"isNullable":true,"isUnique":false,"isCreateable":true,"isUpdateable":true,"isFilterable":true,"isCalculated":false,"showLabel":false,"naturalOrder":56,"linkedFields":["customerpriority__c"],"relatedInfos":[],"references":[]},{"@type":"field","id":16391884,"name":"SLA__c","type":"picklist","uniqueName":"SLA__c","label":"SLA","parentObject":"Account","pcType":"STRING","precision":255,"scale":0,"columnIndex":57,"isKey":false,"isExternalId":false,"isSfIdLookup":false,"isNullable":true,"isUnique":false,"isCreateable":true,"isUpdateable":true,"isFilterable":true,"isCalculated":false,"showLabel":false,"naturalOrder":57,"linkedFields":["sla__c"],"relatedInfos":[],"references":[]},{"@type":"field","id":16391887,"name":"Active__c","type":"picklist","uniqueName":"Active__c","label":"Active","parentObject":"Account","pcType":"STRING","precision":255,"scale":0,"columnIndex":58,"isKey":false,"isExternalId":false,"isSfIdLookup":false,"isNullable":true,"isUnique":false,"isCreateable":true,"isUpdateable":true,"isFilterable":true,"isCalculated":false,"showLabel":false,"naturalOrder":58,"linkedFields":["active__c"],"relatedInfos":[],"references":[]},{"@type":"field","id":16391890,"name":"NumberofLocations__c","type":"double","uniqueName":"NumberofLocations__c","label":"Number of Locations","parentObject":"Account","pcType":"HIPRECDECIMAL","precision":3,"scale":0,"columnIndex":59,"isKey":false,"isExternalId":false,"isSfIdLookup":false,"isNullable":true,"isUnique":false,"isCreateable":true,"isUpdateable":true,"isFilterable":true,"isCalculated":false,"showLabel":false,"naturalOrder":59,"linkedFields":["numberoflocations__c"],"relatedInfos":[],"references":[]},{"@type":"field","id":16391893,"name":"UpsellOpportunity__c","type":"picklist","uniqueName":"UpsellOpportunity__c","label":"Upsell Opportunity","parentObject":"Account","pcType":"STRING","precision":255,"scale":0,"columnIndex":60,"isKey":false,"isExternalId":false,"isSfIdLookup":false,"isNullable":true,"isUnique":false,"isCreateable":true,"isUpdateable":true,"isFilterable":true,"isCalculated":false,"showLabel":false,"naturalOrder":60,"linkedFields":["upsellopportunity__c"],"relatedInfos":[],"references":[]},{"@type":"field","id":16391896,"name":"SLASerialNumber__c","type":"string","uniqueName":"SLASerialNumber__c","label":"SLA Serial Number","parentObject":"Account","pcType":"STRING","precision":10,"scale":0,"columnIndex":61,"isKey":false,"isExternalId":false,"isSfIdLookup":false,"isNullable":true,"isUnique":false,"isCreateable":true,"isUpdateable":true,"isFilterable":true,"isCalculated":false,"showLabel":false,"naturalOrder":61,"linkedFields":["slaserialnumber__c"],"relatedInfos":[],"references":[]},{"@type":"field","id":16391899,"name":"SLAExpirationDate__c","type":"date","uniqueName":"SLAExpirationDate__c","label":"SLA Expiration Date","parentObject":"Account","pcType":"DATE","precision":10,"scale":0,"columnIndex":62,"isKey":false,"isExternalId":false,"isSfIdLookup":false,"isNullable":true,"isUnique":false,"isCreateable":true,"isUpdateable":true,"isFilterable":true,"isCalculated":false,"showLabel":false,"naturalOrder":62,"linkedFields":["slaexpirationdate__c"],"relatedInfos":[],"references":[]}],"sortFields":[],"groupFields":[]}]