[{"@type":"mappingTemplate","id":"@1","name":"Mapping_DEMO_CICD_new_updatedNAME","description":"#004 the name is updated again (new_updatedNAME) for demo CICD in CDI - #004 and added a Filter on top of 2 Tx before as a demo #004","bundleVersion":"0","templateId":"@3","deployTime":1616040547000,"hasParameters":false,"valid":true,"fixedConnection":true,"hasParametersDeployed":false,"fixedConnectionDeployed":true,"tasks":0,"mappingPreviewFileRecordId":"@2","documentType":"","references":[{"@type":"reference","refObjectId":"@gB7dJhK8wqPiiviPMq7D6L","refType":"connection"},{"@type":"reference","refObjectId":"@hUC0JBjwsEKiDOaWoVJ2CO","refType":"connection"}]}]